file,predicted_emotion,confidence
03-01-01-01-01-01-01_seg1.wav,happy,0.14488741755485535
03-01-01-01-01-01-02_seg1.wav,happy,0.1376880556344986
03-01-01-01-01-01-03_seg1.wav,happy,0.1433909833431244
03-01-01-01-01-01-04_seg1.wav,happy,0.14373177289962769
03-01-01-01-01-01-05_seg1.wav,happy,0.14230938255786896
03-01-01-01-01-01-06_seg1.wav,happy,0.1432890146970749
03-01-01-01-01-01-07_seg1.wav,disgust,0.13180047273635864
03-01-01-01-01-01-08_seg1.wav,happy,0.14054381847381592
03-01-01-01-01-01-09_seg1.wav,happy,0.1439797282218933
03-01-01-01-01-01-10_seg1.wav,happy,0.14146484434604645
03-01-01-01-01-01-11_seg1.wav,happy,0.14132171869277954
03-01-01-01-01-01-12_seg1.wav,happy,0.14158569276332855
03-01-01-01-01-01-13_seg1.wav,happy,0.1410941779613495
03-01-01-01-01-01-14_seg1.wav,happy,0.1424562782049179
03-01-01-01-01-01-15_seg1.wav,happy,0.14214251935482025
03-01-01-01-01-01-16_seg1.wav,happy,0.1365462839603424
03-01-01-01-01-01-17_seg1.wav,disgust,0.13164746761322021
03-01-01-01-01-01-18_seg1.wav,disgust,0.131538987159729
03-01-01-01-01-01-19_seg1.wav,happy,0.1462540477514267
03-01-01-01-01-01-20_seg1.wav,happy,0.14264453947544098
03-01-01-01-01-01-21_seg1.wav,happy,0.13922396302223206
03-01-01-01-01-01-22_seg1.wav,happy,0.1413205862045288
03-01-01-01-01-01-23_seg1.wav,happy,0.14294099807739258
03-01-01-01-01-01-24_seg1.wav,happy,0.13995295763015747
03-01-01-01-01-02-01_seg1.wav,happy,0.14244335889816284
03-01-01-01-01-02-02_seg1.wav,happy,0.14192995429039001
03-01-01-01-01-02-03_seg1.wav,happy,0.14668311178684235
03-01-01-01-01-02-04_seg1.wav,happy,0.14282698929309845
03-01-01-01-01-02-05_seg1.wav,happy,0.14513446390628815
03-01-01-01-01-02-06_seg1.wav,happy,0.14465178549289703
03-01-01-01-01-02-07_seg1.wav,disgust,0.13130474090576172
03-01-01-01-01-02-08_seg1.wav,happy,0.13834278285503387
03-01-01-01-01-02-09_seg1.wav,happy,0.1410382241010666
03-01-01-01-01-02-10_seg1.wav,happy,0.1334010660648346
03-01-01-01-01-02-11_seg1.wav,happy,0.14395049214363098
03-01-01-01-01-02-12_seg1.wav,happy,0.13947521150112152
03-01-01-01-01-02-13_seg1.wav,happy,0.1348230242729187
03-01-01-01-01-02-14_seg1.wav,happy,0.1380232274532318
03-01-01-01-01-02-15_seg1.wav,happy,0.1420917809009552
03-01-01-01-01-02-16_seg1.wav,happy,0.13841061294078827
03-01-01-01-01-02-17_seg1.wav,happy,0.14462655782699585
03-01-01-01-01-02-18_seg1.wav,disgust,0.13154242932796478
03-01-01-01-01-02-19_seg1.wav,happy,0.13999967277050018
03-01-01-01-01-02-20_seg1.wav,happy,0.14381828904151917
03-01-01-01-01-02-21_seg1.wav,happy,0.14107176661491394
03-01-01-01-01-02-22_seg1.wav,happy,0.1434076577425003
03-01-01-01-01-02-23_seg1.wav,happy,0.1423780471086502
03-01-01-01-01-02-24_seg1.wav,happy,0.14304549992084503
03-01-01-01-02-01-01_seg1.wav,happy,0.14611023664474487
03-01-01-01-02-01-02_seg1.wav,happy,0.1445721834897995
03-01-01-01-02-01-03_seg1.wav,happy,0.14530420303344727
03-01-01-01-02-01-04_seg1.wav,happy,0.14458809792995453
03-01-01-01-02-01-05_seg1.wav,happy,0.14519090950489044
03-01-01-01-02-01-06_seg1.wav,happy,0.1450505554676056
03-01-01-01-02-01-07_seg1.wav,happy,0.13757792115211487
03-01-01-01-02-01-08_seg1.wav,happy,0.143988698720932
03-01-01-01-02-01-09_seg1.wav,happy,0.14469243586063385
03-01-01-01-02-01-10_seg1.wav,happy,0.14651590585708618
03-01-01-01-02-01-11_seg1.wav,happy,0.14573407173156738
03-01-01-01-02-01-12_seg1.wav,happy,0.14400602877140045
03-01-01-01-02-01-13_seg1.wav,happy,0.1462700068950653
03-01-01-01-02-01-14_seg1.wav,happy,0.14430926740169525
03-01-01-01-02-01-15_seg1.wav,happy,0.1449062079191208
03-01-01-01-02-01-16_seg1.wav,happy,0.14263567328453064
03-01-01-01-02-01-17_seg1.wav,happy,0.1428568959236145
03-01-01-01-02-01-18_seg1.wav,happy,0.13276685774326324
03-01-01-01-02-01-19_seg1.wav,happy,0.14585649967193604
03-01-01-01-02-01-20_seg1.wav,happy,0.14525233209133148
03-01-01-01-02-01-21_seg1.wav,happy,0.14438582956790924
03-01-01-01-02-01-22_seg1.wav,happy,0.1459769755601883
03-01-01-01-02-01-23_seg1.wav,happy,0.14613008499145508
03-01-01-01-02-01-24_seg1.wav,happy,0.14358502626419067
03-01-01-01-02-02-01_seg1.wav,happy,0.14881058037281036
03-01-01-01-02-02-02_seg1.wav,happy,0.14488913118839264
03-01-01-01-02-02-03_seg1.wav,happy,0.14561209082603455
03-01-01-01-02-02-04_seg1.wav,happy,0.1444314420223236
03-01-01-01-02-02-05_seg1.wav,happy,0.14519183337688446
03-01-01-01-02-02-06_seg1.wav,happy,0.14398464560508728
03-01-01-01-02-02-07_seg1.wav,disgust,0.13138407468795776
03-01-01-01-02-02-08_seg1.wav,happy,0.14398622512817383
03-01-01-01-02-02-09_seg1.wav,happy,0.14438064396381378
03-01-01-01-02-02-10_seg1.wav,happy,0.1436481475830078
03-01-01-01-02-02-11_seg1.wav,happy,0.14517000317573547
03-01-01-01-02-02-12_seg1.wav,happy,0.13879546523094177
03-01-01-01-02-02-13_seg1.wav,happy,0.1445537954568863
03-01-01-01-02-02-14_seg1.wav,happy,0.14400248229503632
03-01-01-01-02-02-15_seg1.wav,happy,0.14442360401153564
03-01-01-01-02-02-16_seg1.wav,happy,0.14447666704654694
03-01-01-01-02-02-17_seg1.wav,happy,0.143520325422287
03-01-01-01-02-02-18_seg1.wav,happy,0.1421772539615631
03-01-01-01-02-02-19_seg1.wav,happy,0.14558540284633636
03-01-01-01-02-02-20_seg1.wav,happy,0.1441270411014557
03-01-01-01-02-02-21_seg1.wav,happy,0.14374254643917084
03-01-01-01-02-02-22_seg1.wav,happy,0.14393183588981628
03-01-01-01-02-02-23_seg1.wav,happy,0.14549057185649872
03-01-01-01-02-02-24_seg1.wav,happy,0.1461373120546341
03-01-02-01-01-01-01_seg1.wav,happy,0.1323297917842865
03-01-02-01-01-01-02_seg1.wav,disgust,0.13127672672271729
03-01-02-01-01-01-03_seg1.wav,disgust,0.13162578642368317
03-01-02-01-01-01-04_seg1.wav,neutral,0.13168121874332428
03-01-02-01-01-01-05_seg1.wav,disgust,0.13159285485744476
03-01-02-01-01-01-06_seg1.wav,disgust,0.1320897340774536
03-01-02-01-01-01-07_seg1.wav,disgust,0.13216553628444672
03-01-02-01-01-01-08_seg1.wav,disgust,0.13226236402988434
03-01-02-01-01-01-09_seg1.wav,disgust,0.13174839317798615
03-01-02-01-01-01-10_seg1.wav,neutral,0.1317356675863266
03-01-02-01-01-01-11_seg1.wav,disgust,0.13175508379936218
03-01-02-01-01-01-12_seg1.wav,disgust,0.13121260702610016
03-01-02-01-01-01-13_seg1.wav,neutral,0.1312444508075714
03-01-02-01-01-01-14_seg1.wav,disgust,0.13179108500480652
03-01-02-01-01-01-15_seg1.wav,disgust,0.131689190864563
03-01-02-01-01-01-16_seg1.wav,disgust,0.13156719505786896
03-01-02-01-01-01-17_seg1.wav,disgust,0.1318785399198532
03-01-02-01-01-01-18_seg1.wav,disgust,0.13240264356136322
03-01-02-01-01-01-19_seg1.wav,neutral,0.13171011209487915
03-01-02-01-01-01-20_seg1.wav,disgust,0.13202546536922455
03-01-02-01-01-01-21_seg1.wav,disgust,0.13131362199783325
03-01-02-01-01-01-22_seg1.wav,happy,0.1369122713804245
03-01-02-01-01-01-23_seg1.wav,disgust,0.13168653845787048
03-01-02-01-01-01-24_seg1.wav,disgust,0.13169243931770325
03-01-02-01-01-02-01_seg1.wav,disgust,0.1312425285577774
03-01-02-01-01-02-02_seg1.wav,disgust,0.13164308667182922
03-01-02-01-01-02-03_seg1.wav,disgust,0.1318863034248352
03-01-02-01-01-02-04_seg1.wav,happy,0.131151020526886
03-01-02-01-01-02-05_seg1.wav,disgust,0.13174378871917725
03-01-02-01-01-02-06_seg1.wav,neutral,0.132108673453331
03-01-02-01-01-02-07_seg1.wav,disgust,0.13186703622341156
03-01-02-01-01-02-08_seg1.wav,disgust,0.13232599198818207
03-01-02-01-01-02-09_seg1.wav,disgust,0.132163405418396
03-01-02-01-01-02-10_seg1.wav,neutral,0.1310899704694748
03-01-02-01-01-02-11_seg1.wav,disgust,0.13166756927967072
03-01-02-01-01-02-12_seg1.wav,disgust,0.1317603886127472
03-01-02-01-01-02-13_seg1.wav,happy,0.1398720145225525
03-01-02-01-01-02-14_seg1.wav,disgust,0.1318581998348236
03-01-02-01-01-02-15_seg1.wav,disgust,0.13168911635875702
03-01-02-01-01-02-16_seg1.wav,disgust,0.13158871233463287
03-01-02-01-01-02-17_seg1.wav,disgust,0.1311781108379364
03-01-02-01-01-02-18_seg1.wav,disgust,0.13236573338508606
03-01-02-01-01-02-19_seg1.wav,neutral,0.13170552253723145
03-01-02-01-01-02-20_seg1.wav,disgust,0.13254310190677643
03-01-02-01-01-02-21_seg1.wav,disgust,0.13183441758155823
03-01-02-01-01-02-22_seg1.wav,happy,0.13336290419101715
03-01-02-01-01-02-23_seg1.wav,disgust,0.13163743913173676
03-01-02-01-01-02-24_seg1.wav,happy,0.1346777230501175
03-01-02-01-02-01-01_seg1.wav,happy,0.13131338357925415
03-01-02-01-02-01-02_seg1.wav,disgust,0.1309202015399933
03-01-02-01-02-01-03_seg1.wav,disgust,0.1313123255968094
03-01-02-01-02-01-04_seg1.wav,happy,0.13530129194259644
03-01-02-01-02-01-05_seg1.wav,disgust,0.13085472583770752
03-01-02-01-02-01-06_seg1.wav,disgust,0.13144174218177795
03-01-02-01-02-01-07_seg1.wav,disgust,0.13157430291175842
03-01-02-01-02-01-08_seg1.wav,disgust,0.131914883852005
03-01-02-01-02-01-09_seg1.wav,disgust,0.1315346509218216
03-01-02-01-02-01-10_seg1.wav,happy,0.13735586404800415
03-01-02-01-02-01-11_seg1.wav,disgust,0.13151657581329346
03-01-02-01-02-01-12_seg1.wav,disgust,0.13122470676898956
03-01-02-01-02-01-13_seg1.wav,neutral,0.13127100467681885
03-01-02-01-02-01-14_seg1.wav,disgust,0.13143868744373322
03-01-02-01-02-01-15_seg1.wav,disgust,0.13123776018619537
03-01-02-01-02-01-16_seg1.wav,disgust,0.13154885172843933
03-01-02-01-02-01-17_seg1.wav,disgust,0.13130487501621246
03-01-02-01-02-01-18_seg1.wav,disgust,0.13198216259479523
03-01-02-01-02-01-19_seg1.wav,happy,0.14443889260292053
03-01-02-01-02-01-20_seg1.wav,disgust,0.13188926875591278
03-01-02-01-02-01-21_seg1.wav,happy,0.13619232177734375
03-01-02-01-02-01-22_seg1.wav,happy,0.1417262852191925
03-01-02-01-02-01-23_seg1.wav,happy,0.13114601373672485
03-01-02-01-02-01-24_seg1.wav,disgust,0.1318514198064804
03-01-02-01-02-02-01_seg1.wav,happy,0.1313725709915161
03-01-02-01-02-02-02_seg1.wav,disgust,0.13118617236614227
03-01-02-01-02-02-03_seg1.wav,happy,0.1320551633834839
03-01-02-01-02-02-04_seg1.wav,happy,0.1397342085838318
03-01-02-01-02-02-05_seg1.wav,disgust,0.13090676069259644
03-01-02-01-02-02-06_seg1.wav,disgust,0.1309358775615692
03-01-02-01-02-02-07_seg1.wav,happy,0.13221867382526398
03-01-02-01-02-02-08_seg1.wav,disgust,0.13172543048858643
03-01-02-01-02-02-09_seg1.wav,disgust,0.131780207157135
03-01-02-01-02-02-10_seg1.wav,happy,0.13290011882781982
03-01-02-01-02-02-11_seg1.wav,disgust,0.13143497705459595
03-01-02-01-02-02-12_seg1.wav,neutral,0.1303686499595642
03-01-02-01-02-02-13_seg1.wav,disgust,0.1316051483154297
03-01-02-01-02-02-14_seg1.wav,disgust,0.1313806176185608
03-01-02-01-02-02-15_seg1.wav,happy,0.13282914459705353
03-01-02-01-02-02-16_seg1.wav,disgust,0.1311110258102417
03-01-02-01-02-02-17_seg1.wav,happy,0.1313406080007553
03-01-02-01-02-02-18_seg1.wav,disgust,0.1322050839662552
03-01-02-01-02-02-19_seg1.wav,disgust,0.1311243623495102
03-01-02-01-02-02-20_seg1.wav,disgust,0.13056659698486328
03-01-02-01-02-02-21_seg1.wav,disgust,0.1311768889427185
03-01-02-01-02-02-22_seg1.wav,happy,0.1412590891122818
03-01-02-01-02-02-23_seg1.wav,disgust,0.13089539110660553
03-01-02-01-02-02-24_seg1.wav,disgust,0.13136310875415802
03-01-02-02-01-01-01_seg1.wav,disgust,0.1317257583141327
03-01-02-02-01-01-02_seg1.wav,disgust,0.13154380023479462
03-01-02-02-01-01-03_seg1.wav,disgust,0.1312696635723114
03-01-02-02-01-01-04_seg1.wav,disgust,0.13176017999649048
03-01-02-02-01-01-05_seg1.wav,disgust,0.13212546706199646
03-01-02-02-01-01-06_seg1.wav,neutral,0.13210950791835785
03-01-02-02-01-01-07_seg1.wav,disgust,0.13201673328876495
03-01-02-02-01-01-08_seg1.wav,disgust,0.13237977027893066
03-01-02-02-01-01-09_seg1.wav,disgust,0.13200271129608154
03-01-02-02-01-01-10_seg1.wav,neutral,0.1336878389120102
03-01-02-02-01-01-11_seg1.wav,disgust,0.1316092163324356
03-01-02-02-01-01-12_seg1.wav,disgust,0.13208003342151642
03-01-02-02-01-01-13_seg1.wav,disgust,0.1315736174583435
03-01-02-02-01-01-14_seg1.wav,disgust,0.13149423897266388
03-01-02-02-01-01-15_seg1.wav,disgust,0.13138224184513092
03-01-02-02-01-01-16_seg1.wav,disgust,0.1316230744123459
03-01-02-02-01-01-17_seg1.wav,disgust,0.1323072910308838
03-01-02-02-01-01-18_seg1.wav,disgust,0.13254044950008392
03-01-02-02-01-01-19_seg1.wav,neutral,0.1323598176240921
03-01-02-02-01-01-20_seg1.wav,disgust,0.1324668973684311
03-01-02-02-01-01-21_seg1.wav,disgust,0.13148730993270874
03-01-02-02-01-01-22_seg1.wav,disgust,0.1316939741373062
03-01-02-02-01-01-23_seg1.wav,disgust,0.13166266679763794
03-01-02-02-01-01-24_seg1.wav,happy,0.13127689063549042
03-01-02-02-01-02-01_seg1.wav,disgust,0.13136175274848938
03-01-02-02-01-02-02_seg1.wav,disgust,0.13120578229427338
03-01-02-02-01-02-03_seg1.wav,happy,0.13132186233997345
03-01-02-02-01-02-04_seg1.wav,neutral,0.13205866515636444
03-01-02-02-01-02-05_seg1.wav,disgust,0.13194140791893005
03-01-02-02-01-02-06_seg1.wav,disgust,0.1319791078567505
03-01-02-02-01-02-07_seg1.wav,neutral,0.13143786787986755
03-01-02-02-01-02-08_seg1.wav,disgust,0.1322849988937378
03-01-02-02-01-02-09_seg1.wav,disgust,0.13209137320518494
03-01-02-02-01-02-10_seg1.wav,neutral,0.13201813399791718
03-01-02-02-01-02-11_seg1.wav,disgust,0.13140960037708282
03-01-02-02-01-02-12_seg1.wav,disgust,0.1314069777727127
03-01-02-02-01-02-13_seg1.wav,happy,0.13513755798339844
03-01-02-02-01-02-14_seg1.wav,disgust,0.13229233026504517
03-01-02-02-01-02-15_seg1.wav,disgust,0.13160660862922668
03-01-02-02-01-02-16_seg1.wav,happy,0.13332942128181458
03-01-02-02-01-02-17_seg1.wav,disgust,0.13197043538093567
03-01-02-02-01-02-18_seg1.wav,disgust,0.13227972388267517
03-01-02-02-01-02-19_seg1.wav,disgust,0.13143710792064667
03-01-02-02-01-02-20_seg1.wav,disgust,0.13178394734859467
03-01-02-02-01-02-21_seg1.wav,disgust,0.13139690458774567
03-01-02-02-01-02-22_seg1.wav,disgust,0.1314559429883957
03-01-02-02-01-02-23_seg1.wav,disgust,0.13160620629787445
03-01-02-02-01-02-24_seg1.wav,disgust,0.13215546309947968
03-01-02-02-02-01-01_seg1.wav,happy,0.13070198893547058
03-01-02-02-02-01-02_seg1.wav,disgust,0.13124726712703705
03-01-02-02-02-01-03_seg1.wav,happy,0.13095177710056305
03-01-02-02-02-01-04_seg1.wav,neutral,0.13214515149593353
03-01-02-02-02-01-05_seg1.wav,disgust,0.13154837489128113
03-01-02-02-02-01-06_seg1.wav,disgust,0.13173338770866394
03-01-02-02-02-01-07_seg1.wav,disgust,0.13172584772109985
03-01-02-02-02-01-08_seg1.wav,disgust,0.1323254108428955
03-01-02-02-02-01-09_seg1.wav,disgust,0.13196778297424316
03-01-02-02-02-01-10_seg1.wav,happy,0.14402514696121216
03-01-02-02-02-01-11_seg1.wav,disgust,0.13147038221359253
03-01-02-02-02-01-12_seg1.wav,disgust,0.13181690871715546
03-01-02-02-02-01-13_seg1.wav,happy,0.1331794410943985
03-01-02-02-02-01-14_seg1.wav,disgust,0.13173668086528778
03-01-02-02-02-01-15_seg1.wav,neutral,0.13152877986431122
03-01-02-02-02-01-16_seg1.wav,disgust,0.13126756250858307
03-01-02-02-02-01-17_seg1.wav,disgust,0.13157160580158234
03-01-02-02-02-01-18_seg1.wav,disgust,0.1321801394224167
03-01-02-02-02-01-19_seg1.wav,neutral,0.13210244476795197
03-01-02-02-02-01-20_seg1.wav,disgust,0.1317957192659378
03-01-02-02-02-01-21_seg1.wav,disgust,0.1312112808227539
03-01-02-02-02-01-22_seg1.wav,happy,0.13371722400188446
03-01-02-02-02-01-23_seg1.wav,happy,0.13385507464408875
03-01-02-02-02-01-24_seg1.wav,disgust,0.13162073493003845
03-01-02-02-02-02-01_seg1.wav,disgust,0.13085299730300903
03-01-02-02-02-02-02_seg1.wav,disgust,0.1314237266778946
03-01-02-02-02-02-03_seg1.wav,happy,0.13226467370986938
03-01-02-02-02-02-04_seg1.wav,disgust,0.13176266849040985
03-01-02-02-02-02-05_seg1.wav,disgust,0.13169972598552704
03-01-02-02-02-02-06_seg1.wav,disgust,0.13179922103881836
03-01-02-02-02-02-07_seg1.wav,disgust,0.13198643922805786
03-01-02-02-02-02-08_seg1.wav,disgust,0.13227450847625732
03-01-02-02-02-02-09_seg1.wav,disgust,0.13176047801971436
03-01-02-02-02-02-10_seg1.wav,disgust,0.13158246874809265
03-01-02-02-02-02-11_seg1.wav,disgust,0.13150151073932648
03-01-02-02-02-02-12_seg1.wav,disgust,0.13093365728855133
03-01-02-02-02-02-13_seg1.wav,happy,0.13388584554195404
03-01-02-02-02-02-14_seg1.wav,disgust,0.13179920613765717
03-01-02-02-02-02-15_seg1.wav,disgust,0.13077816367149353
03-01-02-02-02-02-16_seg1.wav,disgust,0.1308094561100006
03-01-02-02-02-02-17_seg1.wav,disgust,0.13143810629844666
03-01-02-02-02-02-18_seg1.wav,disgust,0.13216042518615723
03-01-02-02-02-02-19_seg1.wav,neutral,0.1316882073879242
03-01-02-02-02-02-20_seg1.wav,disgust,0.13222971558570862
03-01-02-02-02-02-21_seg1.wav,disgust,0.13105109333992004
03-01-02-02-02-02-22_seg1.wav,happy,0.1335492581129074
03-01-02-02-02-02-23_seg1.wav,disgust,0.13101886212825775
03-01-02-02-02-02-24_seg1.wav,disgust,0.13177308440208435
03-01-03-01-01-01-01_seg1.wav,happy,0.13455167412757874
03-01-03-01-01-01-02_seg1.wav,happy,0.14237815141677856
03-01-03-01-01-01-03_seg1.wav,happy,0.13899639248847961
03-01-03-01-01-01-04_seg1.wav,happy,0.14655205607414246
03-01-03-01-01-01-05_seg1.wav,calm,0.12989678978919983
03-01-03-01-01-01-06_seg1.wav,happy,0.13822044432163239
03-01-03-01-01-01-07_seg1.wav,happy,0.14346711337566376
03-01-03-01-01-01-08_seg1.wav,happy,0.14934949576854706
03-01-03-01-01-01-09_seg1.wav,happy,0.1345042735338211
03-01-03-01-01-01-10_seg1.wav,happy,0.1370583325624466
03-01-03-01-01-01-11_seg1.wav,happy,0.13623858988285065
03-01-03-01-01-01-12_seg1.wav,happy,0.1398911029100418
03-01-03-01-01-01-13_seg1.wav,happy,0.14723336696624756
03-01-03-01-01-01-14_seg1.wav,happy,0.1353398859500885
03-01-03-01-01-01-15_seg1.wav,happy,0.14307352900505066
03-01-03-01-01-01-16_seg1.wav,happy,0.13882817327976227
03-01-03-01-01-01-17_seg1.wav,happy,0.137003555893898
03-01-03-01-01-01-18_seg1.wav,happy,0.138681560754776
03-01-03-01-01-01-19_seg1.wav,neutral,0.13560040295124054
03-01-03-01-01-01-20_seg1.wav,happy,0.13414199650287628
03-01-03-01-01-01-21_seg1.wav,happy,0.14687027037143707
03-01-03-01-01-01-22_seg1.wav,happy,0.14102721214294434
03-01-03-01-01-01-23_seg1.wav,neutral,0.13515803217887878
03-01-03-01-01-01-24_seg1.wav,happy,0.14614251255989075
03-01-03-01-01-02-01_seg1.wav,happy,0.13601139187812805
03-01-03-01-01-02-02_seg1.wav,happy,0.14721189439296722
03-01-03-01-01-02-03_seg1.wav,neutral,0.13551346957683563
03-01-03-01-01-02-04_seg1.wav,happy,0.1329032927751541
03-01-03-01-01-02-05_seg1.wav,happy,0.14734847843647003
03-01-03-01-01-02-06_seg1.wav,happy,0.13808812201023102
03-01-03-01-01-02-07_seg1.wav,happy,0.13574351370334625
03-01-03-01-01-02-08_seg1.wav,happy,0.1468566209077835
03-01-03-01-01-02-09_seg1.wav,happy,0.13435715436935425
03-01-03-01-01-02-10_seg1.wav,neutral,0.13451144099235535
03-01-03-01-01-02-11_seg1.wav,happy,0.14388197660446167
03-01-03-01-01-02-12_seg1.wav,happy,0.1361234188079834
03-01-03-01-01-02-13_seg1.wav,happy,0.14055955410003662
03-01-03-01-01-02-14_seg1.wav,happy,0.1337013691663742
03-01-03-01-01-02-15_seg1.wav,happy,0.13938002288341522
03-01-03-01-01-02-16_seg1.wav,happy,0.14192403852939606
03-01-03-01-01-02-17_seg1.wav,happy,0.1369868665933609
03-01-03-01-01-02-18_seg1.wav,happy,0.14289939403533936
03-01-03-01-01-02-19_seg1.wav,neutral,0.13701368868350983
03-01-03-01-01-02-20_seg1.wav,happy,0.1364755481481552
03-01-03-01-01-02-21_seg1.wav,happy,0.14521265029907227
03-01-03-01-01-02-22_seg1.wav,happy,0.13894999027252197
03-01-03-01-01-02-23_seg1.wav,neutral,0.13307605683803558
03-01-03-01-01-02-24_seg1.wav,happy,0.14341439306735992
03-01-03-01-02-01-01_seg1.wav,happy,0.13789936900138855
03-01-03-01-02-01-02_seg1.wav,happy,0.14806866645812988
03-01-03-01-02-01-03_seg1.wav,happy,0.14033445715904236
03-01-03-01-02-01-04_seg1.wav,happy,0.14555862545967102
03-01-03-01-02-01-05_seg1.wav,happy,0.13846583664417267
03-01-03-01-02-01-06_seg1.wav,happy,0.13937070965766907
03-01-03-01-02-01-07_seg1.wav,happy,0.1350799798965454
03-01-03-01-02-01-08_seg1.wav,happy,0.14659012854099274
03-01-03-01-02-01-09_seg1.wav,happy,0.1401393860578537
03-01-03-01-02-01-10_seg1.wav,sad,0.13115540146827698
03-01-03-01-02-01-11_seg1.wav,happy,0.1483972668647766
03-01-03-01-02-01-12_seg1.wav,happy,0.14029356837272644
03-01-03-01-02-01-13_seg1.wav,happy,0.14637252688407898
03-01-03-01-02-01-14_seg1.wav,happy,0.13188436627388
03-01-03-01-02-01-15_seg1.wav,happy,0.14879225194454193
03-01-03-01-02-01-16_seg1.wav,happy,0.14295586943626404
03-01-03-01-02-01-17_seg1.wav,happy,0.13987958431243896
03-01-03-01-02-01-18_seg1.wav,happy,0.1423889696598053
03-01-03-01-02-01-19_seg1.wav,happy,0.14168374240398407
03-01-03-01-02-01-20_seg1.wav,happy,0.14098019897937775
03-01-03-01-02-01-21_seg1.wav,happy,0.1477585732936859
03-01-03-01-02-01-22_seg1.wav,happy,0.1406291425228119
03-01-03-01-02-01-23_seg1.wav,happy,0.13508126139640808
03-01-03-01-02-01-24_seg1.wav,happy,0.13893775641918182
03-01-03-01-02-02-01_seg1.wav,happy,0.13620924949645996
03-01-03-01-02-02-02_seg1.wav,happy,0.14818286895751953
03-01-03-01-02-02-03_seg1.wav,happy,0.13953208923339844
03-01-03-01-02-02-04_seg1.wav,happy,0.1403399258852005
03-01-03-01-02-02-05_seg1.wav,happy,0.13515980541706085
03-01-03-01-02-02-06_seg1.wav,happy,0.13827237486839294
03-01-03-01-02-02-07_seg1.wav,happy,0.13542288541793823
03-01-03-01-02-02-08_seg1.wav,happy,0.14857016503810883
03-01-03-01-02-02-09_seg1.wav,neutral,0.13508009910583496
03-01-03-01-02-02-10_seg1.wav,happy,0.13521644473075867
03-01-03-01-02-02-11_seg1.wav,happy,0.14190123975276947
03-01-03-01-02-02-12_seg1.wav,happy,0.1365925371646881
03-01-03-01-02-02-13_seg1.wav,happy,0.1360195130109787
03-01-03-01-02-02-14_seg1.wav,happy,0.13605639338493347
03-01-03-01-02-02-15_seg1.wav,happy,0.14297054708003998
03-01-03-01-02-02-16_seg1.wav,happy,0.1407589614391327
03-01-03-01-02-02-17_seg1.wav,happy,0.14038261771202087
03-01-03-01-02-02-18_seg1.wav,happy,0.13913977146148682
03-01-03-01-02-02-19_seg1.wav,disgust,0.13145288825035095
03-01-03-01-02-02-20_seg1.wav,happy,0.13867901265621185
03-01-03-01-02-02-21_seg1.wav,happy,0.14755934476852417
03-01-03-01-02-02-22_seg1.wav,happy,0.1485058069229126
03-01-03-01-02-02-23_seg1.wav,happy,0.13339264690876007
03-01-03-01-02-02-24_seg1.wav,happy,0.14792972803115845
03-01-03-02-01-01-01_seg1.wav,neutral,0.13448993861675262
03-01-03-02-01-01-02_seg1.wav,neutral,0.1348845213651657
03-01-03-02-01-01-03_seg1.wav,neutral,0.13525187969207764
03-01-03-02-01-01-04_seg1.wav,neutral,0.13354730606079102
03-01-03-02-01-01-05_seg1.wav,neutral,0.13370291888713837
03-01-03-02-01-01-06_seg1.wav,neutral,0.13550277054309845
03-01-03-02-01-01-07_seg1.wav,happy,0.13591763377189636
03-01-03-02-01-01-08_seg1.wav,happy,0.13828054070472717
03-01-03-02-01-01-09_seg1.wav,happy,0.13521315157413483
03-01-03-02-01-01-10_seg1.wav,happy,0.13718858361244202
03-01-03-02-01-01-11_seg1.wav,neutral,0.1327396184206009
03-01-03-02-01-01-12_seg1.wav,happy,0.13642290234565735
03-01-03-02-01-01-13_seg1.wav,happy,0.13503284752368927
03-01-03-02-01-01-14_seg1.wav,happy,0.1339608132839203
03-01-03-02-01-01-15_seg1.wav,happy,0.13281425833702087
03-01-03-02-01-01-16_seg1.wav,happy,0.13574793934822083
03-01-03-02-01-01-17_seg1.wav,happy,0.13211321830749512
03-01-03-02-01-01-18_seg1.wav,neutral,0.13195236027240753
03-01-03-02-01-01-19_seg1.wav,happy,0.13230431079864502
03-01-03-02-01-01-20_seg1.wav,happy,0.1373572051525116
03-01-03-02-01-01-21_seg1.wav,neutral,0.1313120722770691
03-01-03-02-01-01-22_seg1.wav,neutral,0.13218556344509125
03-01-03-02-01-01-23_seg1.wav,happy,0.1318536251783371
03-01-03-02-01-01-24_seg1.wav,neutral,0.13125041127204895
03-01-03-02-01-02-01_seg1.wav,happy,0.1350385695695877
03-01-03-02-01-02-02_seg1.wav,happy,0.13711296021938324
03-01-03-02-01-02-03_seg1.wav,neutral,0.13533970713615417
03-01-03-02-01-02-04_seg1.wav,happy,0.13841699063777924
03-01-03-02-01-02-05_seg1.wav,neutral,0.1327027976512909
03-01-03-02-01-02-06_seg1.wav,neutral,0.135438472032547
03-01-03-02-01-02-07_seg1.wav,happy,0.1351766735315323
03-01-03-02-01-02-08_seg1.wav,happy,0.14678125083446503
03-01-03-02-01-02-09_seg1.wav,happy,0.1354258507490158
03-01-03-02-01-02-10_seg1.wav,neutral,0.13555672764778137
03-01-03-02-01-02-11_seg1.wav,neutral,0.13335281610488892
03-01-03-02-01-02-12_seg1.wav,happy,0.13348865509033203
03-01-03-02-01-02-13_seg1.wav,happy,0.13544483482837677
03-01-03-02-01-02-14_seg1.wav,happy,0.13438010215759277
03-01-03-02-01-02-15_seg1.wav,happy,0.14322394132614136
03-01-03-02-01-02-16_seg1.wav,happy,0.13664087653160095
03-01-03-02-01-02-17_seg1.wav,happy,0.1344241499900818
03-01-03-02-01-02-18_seg1.wav,neutral,0.13527847826480865
03-01-03-02-01-02-19_seg1.wav,neutral,0.1356140524148941
03-01-03-02-01-02-20_seg1.wav,happy,0.13601098954677582
03-01-03-02-01-02-21_seg1.wav,neutral,0.1318424940109253
03-01-03-02-01-02-22_seg1.wav,neutral,0.13485144078731537
03-01-03-02-01-02-23_seg1.wav,disgust,0.13059304654598236
03-01-03-02-01-02-24_seg1.wav,happy,0.13492275774478912
03-01-03-02-02-01-01_seg1.wav,happy,0.13319918513298035
03-01-03-02-02-01-02_seg1.wav,happy,0.13853609561920166
03-01-03-02-02-01-03_seg1.wav,neutral,0.13019441068172455
03-01-03-02-02-01-04_seg1.wav,happy,0.13491614162921906
03-01-03-02-02-01-05_seg1.wav,neutral,0.13180777430534363
03-01-03-02-02-01-06_seg1.wav,happy,0.1370929628610611
03-01-03-02-02-01-07_seg1.wav,neutral,0.13235342502593994
03-01-03-02-02-01-08_seg1.wav,happy,0.13541856408119202
03-01-03-02-02-01-09_seg1.wav,neutral,0.1359463483095169
03-01-03-02-02-01-10_seg1.wav,happy,0.13663926720619202
03-01-03-02-02-01-11_seg1.wav,happy,0.1347973644733429
03-01-03-02-02-01-12_seg1.wav,happy,0.1347244679927826
03-01-03-02-02-01-13_seg1.wav,disgust,0.1335919052362442
03-01-03-02-02-01-14_seg1.wav,neutral,0.13095690310001373
03-01-03-02-02-01-15_seg1.wav,neutral,0.1335291713476181
03-01-03-02-02-01-16_seg1.wav,happy,0.13571226596832275
03-01-03-02-02-01-17_seg1.wav,happy,0.1339729130268097
03-01-03-02-02-01-18_seg1.wav,happy,0.13613715767860413
03-01-03-02-02-01-19_seg1.wav,neutral,0.13575853407382965
03-01-03-02-02-01-20_seg1.wav,fearful,0.13082607090473175
03-01-03-02-02-01-21_seg1.wav,happy,0.1353168934583664
03-01-03-02-02-01-22_seg1.wav,neutral,0.1345738172531128
03-01-03-02-02-01-23_seg1.wav,neutral,0.12984004616737366
03-01-03-02-02-01-24_seg1.wav,happy,0.13609130680561066
03-01-03-02-02-02-01_seg1.wav,happy,0.1331845074892044
03-01-03-02-02-02-02_seg1.wav,happy,0.13724634051322937
03-01-03-02-02-02-03_seg1.wav,neutral,0.13542059063911438
03-01-03-02-02-02-04_seg1.wav,happy,0.13619446754455566
03-01-03-02-02-02-05_seg1.wav,happy,0.13414840400218964
03-01-03-02-02-02-06_seg1.wav,happy,0.13636431097984314
03-01-03-02-02-02-07_seg1.wav,neutral,0.13523148000240326
03-01-03-02-02-02-08_seg1.wav,happy,0.13521568477153778
03-01-03-02-02-02-09_seg1.wav,happy,0.13674718141555786
03-01-03-02-02-02-10_seg1.wav,happy,0.13625586032867432
03-01-03-02-02-02-11_seg1.wav,happy,0.13746331632137299
03-01-03-02-02-02-12_seg1.wav,neutral,0.13469362258911133
03-01-03-02-02-02-13_seg1.wav,happy,0.13142791390419006
03-01-03-02-02-02-14_seg1.wav,neutral,0.13264012336730957
03-01-03-02-02-02-15_seg1.wav,happy,0.13782866299152374
03-01-03-02-02-02-16_seg1.wav,happy,0.13499815762043
03-01-03-02-02-02-17_seg1.wav,neutral,0.13366149365901947
03-01-03-02-02-02-18_seg1.wav,neutral,0.1337488293647766
03-01-03-02-02-02-19_seg1.wav,neutral,0.13150161504745483
03-01-03-02-02-02-20_seg1.wav,fearful,0.1297835260629654
03-01-03-02-02-02-21_seg1.wav,neutral,0.13136842846870422
03-01-03-02-02-02-22_seg1.wav,neutral,0.13403624296188354
03-01-03-02-02-02-23_seg1.wav,happy,0.130900040268898
03-01-03-02-02-02-24_seg1.wav,happy,0.13499440252780914
03-01-04-01-01-01-01_seg1.wav,happy,0.14300473034381866
03-01-04-01-01-01-02_seg1.wav,happy,0.1375800222158432
03-01-04-01-01-01-03_seg1.wav,happy,0.13140946626663208
03-01-04-01-01-01-04_seg1.wav,happy,0.14458712935447693
03-01-04-01-01-01-05_seg1.wav,happy,0.13846613466739655
03-01-04-01-01-01-06_seg1.wav,happy,0.13337065279483795
03-01-04-01-01-01-07_seg1.wav,happy,0.13415706157684326
03-01-04-01-01-01-08_seg1.wav,happy,0.1312696486711502
03-01-04-01-01-01-09_seg1.wav,happy,0.1348894089460373
03-01-04-01-01-01-10_seg1.wav,fearful,0.13105738162994385
03-01-04-01-01-01-11_seg1.wav,happy,0.13840436935424805
03-01-04-01-01-01-12_seg1.wav,happy,0.13290178775787354
03-01-04-01-01-01-13_seg1.wav,happy,0.13218310475349426
03-01-04-01-01-01-14_seg1.wav,happy,0.13471093773841858
03-01-04-01-01-01-15_seg1.wav,happy,0.14207947254180908
03-01-04-01-01-01-16_seg1.wav,happy,0.14329953491687775
03-01-04-01-01-01-17_seg1.wav,happy,0.14182767271995544
03-01-04-01-01-01-18_seg1.wav,fearful,0.13005152344703674
03-01-04-01-01-01-19_seg1.wav,happy,0.13182629644870758
03-01-04-01-01-01-20_seg1.wav,neutral,0.13409389555454254
03-01-04-01-01-01-21_seg1.wav,calm,0.1334969699382782
03-01-04-01-01-01-22_seg1.wav,happy,0.13879570364952087
03-01-04-01-01-01-23_seg1.wav,happy,0.13568946719169617
03-01-04-01-01-01-24_seg1.wav,fearful,0.13181297481060028
03-01-04-01-01-02-01_seg1.wav,happy,0.1354427933692932
03-01-04-01-01-02-02_seg1.wav,happy,0.1343337595462799
03-01-04-01-01-02-03_seg1.wav,happy,0.13605503737926483
03-01-04-01-01-02-04_seg1.wav,happy,0.147542342543602
03-01-04-01-01-02-05_seg1.wav,happy,0.1364741176366806
03-01-04-01-01-02-06_seg1.wav,happy,0.13185277581214905
03-01-04-01-01-02-07_seg1.wav,happy,0.13371439278125763
03-01-04-01-01-02-08_seg1.wav,happy,0.140178844332695
03-01-04-01-01-02-09_seg1.wav,neutral,0.13328902423381805
03-01-04-01-01-02-10_seg1.wav,neutral,0.132240891456604
03-01-04-01-01-02-11_seg1.wav,happy,0.13632655143737793
03-01-04-01-01-02-12_seg1.wav,happy,0.1366272270679474
03-01-04-01-01-02-13_seg1.wav,fearful,0.13173367083072662
03-01-04-01-01-02-14_seg1.wav,happy,0.13735321164131165
03-01-04-01-01-02-15_seg1.wav,happy,0.1446116715669632
03-01-04-01-01-02-16_seg1.wav,happy,0.14233233034610748
03-01-04-01-01-02-17_seg1.wav,happy,0.14387419819831848
03-01-04-01-01-02-18_seg1.wav,surprised,0.12977921962738037
03-01-04-01-01-02-19_seg1.wav,neutral,0.133855938911438
03-01-04-01-01-02-20_seg1.wav,happy,0.1325458288192749
03-01-04-01-01-02-21_seg1.wav,fearful,0.13310319185256958
03-01-04-01-01-02-22_seg1.wav,happy,0.13541382551193237
03-01-04-01-01-02-23_seg1.wav,fearful,0.1316939741373062
03-01-04-01-01-02-24_seg1.wav,fearful,0.13041584193706512
03-01-04-01-02-01-01_seg1.wav,happy,0.14380985498428345
03-01-04-01-02-01-02_seg1.wav,happy,0.13505789637565613
03-01-04-01-02-01-03_seg1.wav,happy,0.13724058866500854
03-01-04-01-02-01-04_seg1.wav,happy,0.1435190737247467
03-01-04-01-02-01-05_seg1.wav,happy,0.14384296536445618
03-01-04-01-02-01-06_seg1.wav,happy,0.14318399131298065
03-01-04-01-02-01-07_seg1.wav,happy,0.13800686597824097
03-01-04-01-02-01-08_seg1.wav,happy,0.1351773738861084
03-01-04-01-02-01-09_seg1.wav,happy,0.13421231508255005
03-01-04-01-02-01-10_seg1.wav,happy,0.13888628780841827
03-01-04-01-02-01-11_seg1.wav,happy,0.1349138617515564
03-01-04-01-02-01-12_seg1.wav,happy,0.13426247239112854
03-01-04-01-02-01-13_seg1.wav,happy,0.13662326335906982
03-01-04-01-02-01-14_seg1.wav,happy,0.1352444291114807
03-01-04-01-02-01-15_seg1.wav,happy,0.14552849531173706
03-01-04-01-02-01-16_seg1.wav,happy,0.1449775993824005
03-01-04-01-02-01-17_seg1.wav,happy,0.13908565044403076
03-01-04-01-02-01-18_seg1.wav,happy,0.13560183346271515
03-01-04-01-02-01-19_seg1.wav,happy,0.1436365246772766
03-01-04-01-02-01-20_seg1.wav,happy,0.1398097574710846
03-01-04-01-02-01-21_seg1.wav,fearful,0.13246865570545197
03-01-04-01-02-01-22_seg1.wav,happy,0.13962508738040924
03-01-04-01-02-01-23_seg1.wav,happy,0.14598707854747772
03-01-04-01-02-01-24_seg1.wav,happy,0.14500245451927185
03-01-04-01-02-02-01_seg1.wav,happy,0.14761212468147278
03-01-04-01-02-02-02_seg1.wav,happy,0.13705994188785553
03-01-04-01-02-02-03_seg1.wav,happy,0.1323312371969223
03-01-04-01-02-02-04_seg1.wav,happy,0.14680171012878418
03-01-04-01-02-02-05_seg1.wav,happy,0.1380288302898407
03-01-04-01-02-02-06_seg1.wav,happy,0.1403244435787201
03-01-04-01-02-02-07_seg1.wav,happy,0.13661448657512665
03-01-04-01-02-02-08_seg1.wav,happy,0.13397957384586334
03-01-04-01-02-02-09_seg1.wav,neutral,0.13181963562965393
03-01-04-01-02-02-10_seg1.wav,happy,0.13379429280757904
03-01-04-01-02-02-11_seg1.wav,happy,0.14078108966350555
03-01-04-01-02-02-12_seg1.wav,calm,0.1331910938024521
03-01-04-01-02-02-13_seg1.wav,happy,0.1412947028875351
03-01-04-01-02-02-14_seg1.wav,happy,0.13888034224510193
03-01-04-01-02-02-15_seg1.wav,happy,0.14419415593147278
03-01-04-01-02-02-16_seg1.wav,happy,0.14328692853450775
03-01-04-01-02-02-17_seg1.wav,happy,0.14019756019115448
03-01-04-01-02-02-18_seg1.wav,happy,0.13495002686977386
03-01-04-01-02-02-19_seg1.wav,disgust,0.1309349536895752
03-01-04-01-02-02-20_seg1.wav,happy,0.1434432715177536
03-01-04-01-02-02-21_seg1.wav,happy,0.1336878389120102
03-01-04-01-02-02-22_seg1.wav,happy,0.14233669638633728
03-01-04-01-02-02-23_seg1.wav,happy,0.148722842335701
03-01-04-01-02-02-24_seg1.wav,happy,0.13211137056350708
03-01-04-02-01-01-01_seg1.wav,happy,0.13257695734500885
03-01-04-02-01-01-02_seg1.wav,happy,0.1314532458782196
03-01-04-02-01-01-03_seg1.wav,fearful,0.13263680040836334
03-01-04-02-01-01-04_seg1.wav,happy,0.13434633612632751
03-01-04-02-01-01-05_seg1.wav,happy,0.13647973537445068
03-01-04-02-01-01-06_seg1.wav,calm,0.14058835804462433
03-01-04-02-01-01-07_seg1.wav,calm,0.13527719676494598
03-01-04-02-01-01-08_seg1.wav,fearful,0.13031284511089325
03-01-04-02-01-01-09_seg1.wav,calm,0.1325547695159912
03-01-04-02-01-01-10_seg1.wav,happy,0.1381111443042755
03-01-04-02-01-01-11_seg1.wav,calm,0.13235093653202057
03-01-04-02-01-01-12_seg1.wav,happy,0.13950756192207336
03-01-04-02-01-01-13_seg1.wav,happy,0.13880155980587006
03-01-04-02-01-01-14_seg1.wav,calm,0.1434791088104248
03-01-04-02-01-01-15_seg1.wav,fearful,0.13052290678024292
03-01-04-02-01-01-16_seg1.wav,happy,0.13384991884231567
03-01-04-02-01-01-17_seg1.wav,happy,0.13920730352401733
03-01-04-02-01-01-18_seg1.wav,calm,0.13624414801597595
03-01-04-02-01-01-19_seg1.wav,fearful,0.13432811200618744
03-01-04-02-01-01-20_seg1.wav,fearful,0.13141989707946777
03-01-04-02-01-01-21_seg1.wav,happy,0.1334793120622635
03-01-04-02-01-01-22_seg1.wav,calm,0.1326589286327362
03-01-04-02-01-01-23_seg1.wav,calm,0.13169647753238678
03-01-04-02-01-01-24_seg1.wav,neutral,0.13179372251033783
03-01-04-02-01-02-01_seg1.wav,happy,0.14529360830783844
03-01-04-02-01-02-02_seg1.wav,surprised,0.13131357729434967
03-01-04-02-01-02-03_seg1.wav,fearful,0.1313897669315338
03-01-04-02-01-02-04_seg1.wav,happy,0.1353706419467926
03-01-04-02-01-02-05_seg1.wav,happy,0.13928252458572388
03-01-04-02-01-02-06_seg1.wav,neutral,0.13405969738960266
03-01-04-02-01-02-07_seg1.wav,fearful,0.13211700320243835
03-01-04-02-01-02-08_seg1.wav,fearful,0.13084493577480316
03-01-04-02-01-02-09_seg1.wav,calm,0.13355423510074615
03-01-04-02-01-02-10_seg1.wav,fearful,0.13286513090133667
03-01-04-02-01-02-11_seg1.wav,happy,0.1333722472190857
03-01-04-02-01-02-12_seg1.wav,happy,0.13758905231952667
03-01-04-02-01-02-13_seg1.wav,happy,0.13565319776535034
03-01-04-02-01-02-14_seg1.wav,calm,0.1430691033601761
03-01-04-02-01-02-15_seg1.wav,surprised,0.1303369551897049
03-01-04-02-01-02-16_seg1.wav,surprised,0.13267379999160767
03-01-04-02-01-02-17_seg1.wav,happy,0.14133989810943604
03-01-04-02-01-02-18_seg1.wav,happy,0.1366807371377945
03-01-04-02-01-02-19_seg1.wav,happy,0.13177438080310822
03-01-04-02-01-02-20_seg1.wav,fearful,0.13158169388771057
03-01-04-02-01-02-21_seg1.wav,happy,0.13113637268543243
03-01-04-02-01-02-22_seg1.wav,surprised,0.13091152906417847
03-01-04-02-01-02-23_seg1.wav,happy,0.1323348581790924
03-01-04-02-01-02-24_seg1.wav,calm,0.1364428997039795
03-01-04-02-02-01-01_seg1.wav,happy,0.14638738334178925
03-01-04-02-02-01-02_seg1.wav,happy,0.13761544227600098
03-01-04-02-02-01-03_seg1.wav,happy,0.13603949546813965
03-01-04-02-02-01-04_seg1.wav,neutral,0.13131804764270782
03-01-04-02-02-01-05_seg1.wav,happy,0.139964759349823
03-01-04-02-02-01-06_seg1.wav,calm,0.13369353115558624
03-01-04-02-02-01-07_seg1.wav,fearful,0.1306019127368927
03-01-04-02-02-01-08_seg1.wav,happy,0.1349409818649292
03-01-04-02-02-01-09_seg1.wav,happy,0.1329856663942337
03-01-04-02-02-01-10_seg1.wav,happy,0.13842853903770447
03-01-04-02-02-01-11_seg1.wav,happy,0.13632076978683472
03-01-04-02-02-01-12_seg1.wav,happy,0.1394275575876236
03-01-04-02-02-01-13_seg1.wav,happy,0.14133016765117645
03-01-04-02-02-01-14_seg1.wav,calm,0.13996796309947968
03-01-04-02-02-01-15_seg1.wav,happy,0.13179507851600647
03-01-04-02-02-01-16_seg1.wav,surprised,0.13134683668613434
03-01-04-02-02-01-17_seg1.wav,happy,0.13794396817684174
03-01-04-02-02-01-18_seg1.wav,calm,0.13416700065135956
03-01-04-02-02-01-19_seg1.wav,happy,0.13542069494724274
03-01-04-02-02-01-20_seg1.wav,neutral,0.13063782453536987
03-01-04-02-02-01-21_seg1.wav,surprised,0.13346733152866364
03-01-04-02-02-01-22_seg1.wav,happy,0.1329575479030609
03-01-04-02-02-01-23_seg1.wav,calm,0.13370156288146973
03-01-04-02-02-01-24_seg1.wav,calm,0.1322108507156372
03-01-04-02-02-02-01_seg1.wav,happy,0.14224208891391754
03-01-04-02-02-02-02_seg1.wav,happy,0.1405799835920334
03-01-04-02-02-02-03_seg1.wav,calm,0.13240934908390045
03-01-04-02-02-02-04_seg1.wav,happy,0.13355188071727753
03-01-04-02-02-02-05_seg1.wav,happy,0.14544625580310822
03-01-04-02-02-02-06_seg1.wav,happy,0.13140170276165009
03-01-04-02-02-02-07_seg1.wav,happy,0.13347724080085754
03-01-04-02-02-02-08_seg1.wav,fearful,0.13182906806468964
03-01-04-02-02-02-09_seg1.wav,happy,0.13172852993011475
03-01-04-02-02-02-10_seg1.wav,happy,0.13779962062835693
03-01-04-02-02-02-11_seg1.wav,happy,0.13778112828731537
03-01-04-02-02-02-12_seg1.wav,happy,0.13721705973148346
03-01-04-02-02-02-13_seg1.wav,happy,0.13246047496795654
03-01-04-02-02-02-14_seg1.wav,neutral,0.1315930336713791
03-01-04-02-02-02-15_seg1.wav,surprised,0.1310214102268219
03-01-04-02-02-02-16_seg1.wav,happy,0.13543742895126343
03-01-04-02-02-02-17_seg1.wav,happy,0.14574351906776428
03-01-04-02-02-02-18_seg1.wav,calm,0.1317228376865387
03-01-04-02-02-02-19_seg1.wav,calm,0.13209275901317596
03-01-04-02-02-02-20_seg1.wav,happy,0.13629522919654846
03-01-04-02-02-02-21_seg1.wav,happy,0.13707739114761353
03-01-04-02-02-02-22_seg1.wav,calm,0.13545800745487213
03-01-04-02-02-02-23_seg1.wav,happy,0.14033447206020355
03-01-04-02-02-02-24_seg1.wav,fearful,0.1329098343849182
03-01-05-01-01-01-01_seg1.wav,angry,0.13499562442302704
03-01-05-01-01-01-02_seg1.wav,angry,0.13450634479522705
03-01-05-01-01-01-03_seg1.wav,calm,0.135222926735878
03-01-05-01-01-01-04_seg1.wav,angry,0.1349375694990158
03-01-05-01-01-01-05_seg1.wav,angry,0.13527058064937592
03-01-05-01-01-01-06_seg1.wav,fearful,0.13064028322696686
03-01-05-01-01-01-07_seg1.wav,angry,0.13271468877792358
03-01-05-01-01-01-08_seg1.wav,angry,0.13274472951889038
03-01-05-01-01-01-09_seg1.wav,calm,0.13748876750469208
03-01-05-01-01-01-10_seg1.wav,fearful,0.13122417032718658
03-01-05-01-01-01-11_seg1.wav,angry,0.1346512734889984
03-01-05-01-01-01-12_seg1.wav,angry,0.1327735185623169
03-01-05-01-01-01-13_seg1.wav,fearful,0.13172155618667603
03-01-05-01-01-01-14_seg1.wav,angry,0.13396583497524261
03-01-05-01-01-01-15_seg1.wav,angry,0.13332529366016388
03-01-05-01-01-01-16_seg1.wav,angry,0.13506022095680237
03-01-05-01-01-01-17_seg1.wav,fearful,0.13368594646453857
03-01-05-01-01-01-18_seg1.wav,angry,0.13019736111164093
03-01-05-01-01-01-19_seg1.wav,angry,0.13496261835098267
03-01-05-01-01-01-20_seg1.wav,happy,0.14900977909564972
03-01-05-01-01-01-21_seg1.wav,angry,0.13230924308300018
03-01-05-01-01-01-22_seg1.wav,fearful,0.1291114240884781
03-01-05-01-01-01-23_seg1.wav,angry,0.13288922607898712
03-01-05-01-01-01-24_seg1.wav,angry,0.13293342292308807
03-01-05-01-01-02-01_seg1.wav,angry,0.13213703036308289
03-01-05-01-01-02-02_seg1.wav,fearful,0.13093574345111847
03-01-05-01-01-02-03_seg1.wav,angry,0.1348833441734314
03-01-05-01-01-02-04_seg1.wav,angry,0.13043244183063507
03-01-05-01-01-02-05_seg1.wav,angry,0.1360308825969696
03-01-05-01-01-02-06_seg1.wav,angry,0.1324957311153412
03-01-05-01-01-02-07_seg1.wav,angry,0.1342826932668686
03-01-05-01-01-02-08_seg1.wav,angry,0.13294605910778046
03-01-05-01-01-02-09_seg1.wav,calm,0.14267319440841675
03-01-05-01-01-02-10_seg1.wav,angry,0.13107028603553772
03-01-05-01-01-02-11_seg1.wav,fearful,0.13162721693515778
03-01-05-01-01-02-12_seg1.wav,fearful,0.1311510056257248
03-01-05-01-01-02-13_seg1.wav,fearful,0.13135778903961182
03-01-05-01-01-02-14_seg1.wav,fearful,0.13243889808654785
03-01-05-01-01-02-15_seg1.wav,angry,0.13670523464679718
03-01-05-01-01-02-16_seg1.wav,angry,0.13392199575901031
03-01-05-01-01-02-17_seg1.wav,fearful,0.13274222612380981
03-01-05-01-01-02-18_seg1.wav,angry,0.13255447149276733
03-01-05-01-01-02-19_seg1.wav,angry,0.1357290893793106
03-01-05-01-01-02-20_seg1.wav,happy,0.1324087679386139
03-01-05-01-01-02-21_seg1.wav,angry,0.13353495299816132
03-01-05-01-01-02-22_seg1.wav,fearful,0.13017165660858154
03-01-05-01-01-02-23_seg1.wav,fearful,0.13116171956062317
03-01-05-01-01-02-24_seg1.wav,angry,0.13418950140476227
03-01-05-01-02-01-01_seg1.wav,disgust,0.13116683065891266
03-01-05-01-02-01-02_seg1.wav,angry,0.13038621842861176
03-01-05-01-02-01-03_seg1.wav,fearful,0.12725596129894257
03-01-05-01-02-01-04_seg1.wav,fearful,0.13131165504455566
03-01-05-01-02-01-05_seg1.wav,fearful,0.12886875867843628
03-01-05-01-02-01-06_seg1.wav,fearful,0.12965801358222961
03-01-05-01-02-01-07_seg1.wav,fearful,0.12805792689323425
03-01-05-01-02-01-08_seg1.wav,angry,0.13651390373706818
03-01-05-01-02-01-09_seg1.wav,calm,0.14344918727874756
03-01-05-01-02-01-10_seg1.wav,neutral,0.13224928081035614
03-01-05-01-02-01-11_seg1.wav,angry,0.13361509144306183
03-01-05-01-02-01-12_seg1.wav,neutral,0.12833096086978912
03-01-05-01-02-01-13_seg1.wav,angry,0.13373562693595886
03-01-05-01-02-01-14_seg1.wav,angry,0.13522306084632874
03-01-05-01-02-01-15_seg1.wav,disgust,0.12957435846328735
03-01-05-01-02-01-16_seg1.wav,angry,0.13434578478336334
03-01-05-01-02-01-17_seg1.wav,fearful,0.13113683462142944
03-01-05-01-02-01-18_seg1.wav,angry,0.13672201335430145
03-01-05-01-02-01-19_seg1.wav,angry,0.13489532470703125
03-01-05-01-02-01-20_seg1.wav,happy,0.1307767778635025
03-01-05-01-02-01-21_seg1.wav,angry,0.13304449617862701
03-01-05-01-02-01-22_seg1.wav,angry,0.13089536130428314
03-01-05-01-02-01-23_seg1.wav,fearful,0.1308656632900238
03-01-05-01-02-01-24_seg1.wav,angry,0.13287930190563202
03-01-05-01-02-02-01_seg1.wav,angry,0.13172297179698944
03-01-05-01-02-02-02_seg1.wav,angry,0.13323712348937988
03-01-05-01-02-02-03_seg1.wav,angry,0.13107000291347504
03-01-05-01-02-02-04_seg1.wav,neutral,0.12899327278137207
03-01-05-01-02-02-05_seg1.wav,angry,0.1352674961090088
03-01-05-01-02-02-06_seg1.wav,angry,0.1335296481847763
03-01-05-01-02-02-07_seg1.wav,angry,0.13198544085025787
03-01-05-01-02-02-08_seg1.wav,angry,0.1338530331850052
03-01-05-01-02-02-09_seg1.wav,angry,0.13818448781967163
03-01-05-01-02-02-10_seg1.wav,angry,0.13159850239753723
03-01-05-01-02-02-11_seg1.wav,angry,0.1342322826385498
03-01-05-01-02-02-12_seg1.wav,angry,0.1283961981534958
03-01-05-01-02-02-13_seg1.wav,fearful,0.13138657808303833
03-01-05-01-02-02-14_seg1.wav,angry,0.13550090789794922
03-01-05-01-02-02-15_seg1.wav,angry,0.13433142006397247
03-01-05-01-02-02-16_seg1.wav,angry,0.1325819045305252
03-01-05-01-02-02-17_seg1.wav,fearful,0.13186167180538177
03-01-05-01-02-02-18_seg1.wav,angry,0.1367376148700714
03-01-05-01-02-02-19_seg1.wav,angry,0.13498824834823608
03-01-05-01-02-02-20_seg1.wav,angry,0.131501242518425
03-01-05-01-02-02-21_seg1.wav,angry,0.13290534913539886
03-01-05-01-02-02-22_seg1.wav,angry,0.13302204012870789
03-01-05-01-02-02-23_seg1.wav,neutral,0.12999562919139862
03-01-05-01-02-02-24_seg1.wav,angry,0.1328897774219513
03-01-05-02-01-01-01_seg1.wav,angry,0.13379579782485962
03-01-05-02-01-01-02_seg1.wav,angry,0.13626669347286224
03-01-05-02-01-01-03_seg1.wav,angry,0.13491135835647583
03-01-05-02-01-01-04_seg1.wav,angry,0.13370700180530548
03-01-05-02-01-01-05_seg1.wav,angry,0.13518260419368744
03-01-05-02-01-01-06_seg1.wav,angry,0.13362111151218414
03-01-05-02-01-01-07_seg1.wav,angry,0.1348075568675995
03-01-05-02-01-01-08_seg1.wav,angry,0.13601985573768616
03-01-05-02-01-01-09_seg1.wav,angry,0.13314098119735718
03-01-05-02-01-01-10_seg1.wav,angry,0.13627764582633972
03-01-05-02-01-01-11_seg1.wav,angry,0.13514956831932068
03-01-05-02-01-01-12_seg1.wav,disgust,0.1323436051607132
03-01-05-02-01-01-13_seg1.wav,angry,0.13317646086215973
03-01-05-02-01-01-14_seg1.wav,angry,0.13345682621002197
03-01-05-02-01-01-15_seg1.wav,angry,0.1354571431875229
03-01-05-02-01-01-16_seg1.wav,angry,0.1324716955423355
03-01-05-02-01-01-17_seg1.wav,fearful,0.13292554020881653
03-01-05-02-01-01-18_seg1.wav,angry,0.13422390818595886
03-01-05-02-01-01-19_seg1.wav,angry,0.13297128677368164
03-01-05-02-01-01-20_seg1.wav,angry,0.1332995742559433
03-01-05-02-01-01-21_seg1.wav,angry,0.1332685500383377
03-01-05-02-01-01-22_seg1.wav,angry,0.13384419679641724
03-01-05-02-01-01-23_seg1.wav,angry,0.1368718296289444
03-01-05-02-01-01-24_seg1.wav,angry,0.13359659910202026
03-01-05-02-01-02-01_seg1.wav,angry,0.1355174332857132
03-01-05-02-01-02-02_seg1.wav,angry,0.13431121408939362
03-01-05-02-01-02-03_seg1.wav,angry,0.13480040431022644
03-01-05-02-01-02-04_seg1.wav,angry,0.13202179968357086
03-01-05-02-01-02-05_seg1.wav,angry,0.13711602985858917
03-01-05-02-01-02-06_seg1.wav,angry,0.1331816166639328
03-01-05-02-01-02-07_seg1.wav,angry,0.13312704861164093
03-01-05-02-01-02-08_seg1.wav,angry,0.1343260258436203
03-01-05-02-01-02-09_seg1.wav,angry,0.1339239478111267
03-01-05-02-01-02-10_seg1.wav,angry,0.13563333451747894
03-01-05-02-01-02-11_seg1.wav,angry,0.13653264939785004
03-01-05-02-01-02-12_seg1.wav,disgust,0.13318389654159546
03-01-05-02-01-02-13_seg1.wav,angry,0.13347816467285156
03-01-05-02-01-02-14_seg1.wav,angry,0.13526666164398193
03-01-05-02-01-02-15_seg1.wav,angry,0.13315430283546448
03-01-05-02-01-02-16_seg1.wav,angry,0.1338997334241867
03-01-05-02-01-02-17_seg1.wav,fearful,0.1324920654296875
03-01-05-02-01-02-18_seg1.wav,angry,0.1343030333518982
03-01-05-02-01-02-19_seg1.wav,disgust,0.13275250792503357
03-01-05-02-01-02-20_seg1.wav,angry,0.13415008783340454
03-01-05-02-01-02-21_seg1.wav,angry,0.13381095230579376
03-01-05-02-01-02-22_seg1.wav,angry,0.1360998898744583
03-01-05-02-01-02-23_seg1.wav,angry,0.1349819153547287
03-01-05-02-01-02-24_seg1.wav,angry,0.13182367384433746
03-01-05-02-02-01-01_seg1.wav,angry,0.13602186739444733
03-01-05-02-02-01-02_seg1.wav,angry,0.13502897322177887
03-01-05-02-02-01-03_seg1.wav,angry,0.13624218106269836
03-01-05-02-02-01-04_seg1.wav,angry,0.13615086674690247
03-01-05-02-02-01-05_seg1.wav,angry,0.1359960287809372
03-01-05-02-02-01-06_seg1.wav,angry,0.13345125317573547
03-01-05-02-02-01-07_seg1.wav,angry,0.1341961771249771
03-01-05-02-02-01-08_seg1.wav,angry,0.13526147603988647
03-01-05-02-02-01-09_seg1.wav,angry,0.1334950029850006
03-01-05-02-02-01-10_seg1.wav,angry,0.1337319165468216
03-01-05-02-02-01-11_seg1.wav,angry,0.13741427659988403
03-01-05-02-02-01-12_seg1.wav,angry,0.13686706125736237
03-01-05-02-02-01-13_seg1.wav,angry,0.1359601616859436
03-01-05-02-02-01-14_seg1.wav,angry,0.13517843186855316
03-01-05-02-02-01-15_seg1.wav,angry,0.13719984889030457
03-01-05-02-02-01-16_seg1.wav,disgust,0.1329779326915741
03-01-05-02-02-01-17_seg1.wav,angry,0.13290567696094513
03-01-05-02-02-01-18_seg1.wav,angry,0.13462814688682556
03-01-05-02-02-01-19_seg1.wav,angry,0.1320309042930603
03-01-05-02-02-01-20_seg1.wav,angry,0.13549719750881195
03-01-05-02-02-01-21_seg1.wav,angry,0.13328872621059418
03-01-05-02-02-01-22_seg1.wav,angry,0.13626143336296082
03-01-05-02-02-01-23_seg1.wav,angry,0.13592620193958282
03-01-05-02-02-01-24_seg1.wav,angry,0.13460054993629456
03-01-05-02-02-02-01_seg1.wav,angry,0.13262799382209778
03-01-05-02-02-02-02_seg1.wav,angry,0.13504992425441742
03-01-05-02-02-02-03_seg1.wav,angry,0.1346820443868637
03-01-05-02-02-02-04_seg1.wav,angry,0.13500697910785675
03-01-05-02-02-02-05_seg1.wav,angry,0.13499924540519714
03-01-05-02-02-02-06_seg1.wav,angry,0.13433106243610382
03-01-05-02-02-02-07_seg1.wav,angry,0.13373342156410217
03-01-05-02-02-02-08_seg1.wav,angry,0.1347579061985016
03-01-05-02-02-02-09_seg1.wav,angry,0.1341843158006668
03-01-05-02-02-02-10_seg1.wav,angry,0.1359536498785019
03-01-05-02-02-02-11_seg1.wav,angry,0.13420768082141876
03-01-05-02-02-02-12_seg1.wav,disgust,0.1330653578042984
03-01-05-02-02-02-13_seg1.wav,angry,0.13255541026592255
03-01-05-02-02-02-14_seg1.wav,angry,0.13577459752559662
03-01-05-02-02-02-15_seg1.wav,disgust,0.13337509334087372
03-01-05-02-02-02-16_seg1.wav,disgust,0.1325528919696808
03-01-05-02-02-02-17_seg1.wav,angry,0.13330097496509552
03-01-05-02-02-02-18_seg1.wav,angry,0.13506028056144714
03-01-05-02-02-02-19_seg1.wav,angry,0.1333514153957367
03-01-05-02-02-02-20_seg1.wav,angry,0.13556931912899017
03-01-05-02-02-02-21_seg1.wav,angry,0.13204723596572876
03-01-05-02-02-02-22_seg1.wav,angry,0.13390997052192688
03-01-05-02-02-02-23_seg1.wav,angry,0.1355699598789215
03-01-05-02-02-02-24_seg1.wav,angry,0.13208559155464172
03-01-06-01-01-01-01_seg1.wav,happy,0.1370784044265747
03-01-06-01-01-01-02_seg1.wav,happy,0.1379706859588623
03-01-06-01-01-01-03_seg1.wav,neutral,0.13259099423885345
03-01-06-01-01-01-04_seg1.wav,sad,0.1340804398059845
03-01-06-01-01-01-05_seg1.wav,happy,0.13297174870967865
03-01-06-01-01-01-06_seg1.wav,happy,0.13604292273521423
03-01-06-01-01-01-07_seg1.wav,happy,0.13817009329795837
03-01-06-01-01-01-08_seg1.wav,happy,0.13531947135925293
03-01-06-01-01-01-09_seg1.wav,happy,0.1488451212644577
03-01-06-01-01-01-10_seg1.wav,happy,0.13522812724113464
03-01-06-01-01-01-11_seg1.wav,happy,0.13220569491386414
03-01-06-01-01-01-12_seg1.wav,happy,0.1328435242176056
03-01-06-01-01-01-13_seg1.wav,happy,0.1325078010559082
03-01-06-01-01-01-14_seg1.wav,happy,0.1395915299654007
03-01-06-01-01-01-15_seg1.wav,happy,0.14195184409618378
03-01-06-01-01-01-16_seg1.wav,happy,0.1380401849746704
03-01-06-01-01-01-17_seg1.wav,happy,0.14286798238754272
03-01-06-01-01-01-18_seg1.wav,happy,0.1355637013912201
03-01-06-01-01-01-19_seg1.wav,happy,0.13669981062412262
03-01-06-01-01-01-20_seg1.wav,happy,0.1361592710018158
03-01-06-01-01-01-21_seg1.wav,happy,0.14711511135101318
03-01-06-01-01-01-22_seg1.wav,happy,0.13582316040992737
03-01-06-01-01-01-23_seg1.wav,happy,0.13573843240737915
03-01-06-01-01-01-24_seg1.wav,happy,0.13461369276046753
03-01-06-01-01-02-01_seg1.wav,happy,0.1380545049905777
03-01-06-01-01-02-02_seg1.wav,happy,0.13686147332191467
03-01-06-01-01-02-03_seg1.wav,happy,0.14053355157375336
03-01-06-01-01-02-04_seg1.wav,sad,0.13365787267684937
03-01-06-01-01-02-05_seg1.wav,happy,0.13328208029270172
03-01-06-01-01-02-06_seg1.wav,disgust,0.13004548847675323
03-01-06-01-01-02-07_seg1.wav,happy,0.13467413187026978
03-01-06-01-01-02-08_seg1.wav,happy,0.1368815004825592
03-01-06-01-01-02-09_seg1.wav,happy,0.14796704053878784
03-01-06-01-01-02-10_seg1.wav,happy,0.14664365351200104
03-01-06-01-01-02-11_seg1.wav,happy,0.13238008320331573
03-01-06-01-01-02-12_seg1.wav,happy,0.13942119479179382
03-01-06-01-01-02-13_seg1.wav,happy,0.1316288262605667
03-01-06-01-01-02-14_seg1.wav,happy,0.14195960760116577
03-01-06-01-01-02-15_seg1.wav,happy,0.1376398652791977
03-01-06-01-01-02-16_seg1.wav,happy,0.14422769844532013
03-01-06-01-01-02-17_seg1.wav,happy,0.13605616986751556
03-01-06-01-01-02-18_seg1.wav,happy,0.13524125516414642
03-01-06-01-01-02-19_seg1.wav,happy,0.13686829805374146
03-01-06-01-01-02-20_seg1.wav,happy,0.13720515370368958
03-01-06-01-01-02-21_seg1.wav,happy,0.14068932831287384
03-01-06-01-01-02-22_seg1.wav,happy,0.1365545690059662
03-01-06-01-01-02-23_seg1.wav,happy,0.13655218482017517
03-01-06-01-01-02-24_seg1.wav,happy,0.13576853275299072
03-01-06-01-02-01-01_seg1.wav,happy,0.1413993090391159
03-01-06-01-02-01-02_seg1.wav,happy,0.13669690489768982
03-01-06-01-02-01-03_seg1.wav,happy,0.138408824801445
03-01-06-01-02-01-04_seg1.wav,happy,0.13371431827545166
03-01-06-01-02-01-05_seg1.wav,happy,0.13650256395339966
03-01-06-01-02-01-06_seg1.wav,happy,0.1346016824245453
03-01-06-01-02-01-07_seg1.wav,happy,0.13717451691627502
03-01-06-01-02-01-08_seg1.wav,happy,0.1374581754207611
03-01-06-01-02-01-09_seg1.wav,happy,0.14947792887687683
03-01-06-01-02-01-10_seg1.wav,happy,0.14064499735832214
03-01-06-01-02-01-11_seg1.wav,happy,0.13496893644332886
03-01-06-01-02-01-12_seg1.wav,happy,0.13514433801174164
03-01-06-01-02-01-13_seg1.wav,happy,0.1335841566324234
03-01-06-01-02-01-14_seg1.wav,happy,0.13766711950302124
03-01-06-01-02-01-15_seg1.wav,happy,0.13976231217384338
03-01-06-01-02-01-16_seg1.wav,happy,0.14359745383262634
03-01-06-01-02-01-17_seg1.wav,happy,0.13667365908622742
03-01-06-01-02-01-18_seg1.wav,happy,0.1416897177696228
03-01-06-01-02-01-19_seg1.wav,neutral,0.13481684029102325
03-01-06-01-02-01-20_seg1.wav,happy,0.13662289083003998
03-01-06-01-02-01-21_seg1.wav,happy,0.1470271199941635
03-01-06-01-02-01-22_seg1.wav,happy,0.13467395305633545
03-01-06-01-02-01-23_seg1.wav,happy,0.14079472422599792
03-01-06-01-02-01-24_seg1.wav,neutral,0.13405555486679077
03-01-06-01-02-02-01_seg1.wav,happy,0.14897605776786804
03-01-06-01-02-02-02_seg1.wav,happy,0.13712845742702484
03-01-06-01-02-02-03_seg1.wav,happy,0.14320245385169983
03-01-06-01-02-02-04_seg1.wav,sad,0.13236311078071594
03-01-06-01-02-02-05_seg1.wav,happy,0.13218708336353302
03-01-06-01-02-02-06_seg1.wav,sad,0.13246670365333557
03-01-06-01-02-02-07_seg1.wav,happy,0.13722439110279083
03-01-06-01-02-02-08_seg1.wav,happy,0.1376010626554489
03-01-06-01-02-02-09_seg1.wav,happy,0.14502854645252228
03-01-06-01-02-02-10_seg1.wav,happy,0.14495615661144257
03-01-06-01-02-02-11_seg1.wav,happy,0.13707536458969116
03-01-06-01-02-02-12_seg1.wav,happy,0.13380959630012512
03-01-06-01-02-02-13_seg1.wav,happy,0.1318405568599701
03-01-06-01-02-02-14_seg1.wav,happy,0.1380467265844345
03-01-06-01-02-02-15_seg1.wav,happy,0.13441863656044006
03-01-06-01-02-02-16_seg1.wav,happy,0.1385473757982254
03-01-06-01-02-02-17_seg1.wav,happy,0.13214467465877533
03-01-06-01-02-02-18_seg1.wav,happy,0.1391870677471161
03-01-06-01-02-02-19_seg1.wav,happy,0.13905754685401917
03-01-06-01-02-02-20_seg1.wav,happy,0.13654348254203796
03-01-06-01-02-02-21_seg1.wav,happy,0.14035072922706604
03-01-06-01-02-02-22_seg1.wav,happy,0.13568930327892303
03-01-06-01-02-02-23_seg1.wav,happy,0.14475327730178833
03-01-06-01-02-02-24_seg1.wav,neutral,0.13277336955070496
03-01-06-02-01-01-01_seg1.wav,happy,0.1345471888780594
03-01-06-02-01-01-02_seg1.wav,happy,0.13795559108257294
03-01-06-02-01-01-03_seg1.wav,happy,0.13171379268169403
03-01-06-02-01-01-04_seg1.wav,happy,0.13597805798053741
03-01-06-02-01-01-05_seg1.wav,happy,0.13232746720314026
03-01-06-02-01-01-06_seg1.wav,happy,0.13602054119110107
03-01-06-02-01-01-07_seg1.wav,happy,0.13569846749305725
03-01-06-02-01-01-08_seg1.wav,happy,0.13461245596408844
03-01-06-02-01-01-09_seg1.wav,happy,0.1344524323940277
03-01-06-02-01-01-10_seg1.wav,happy,0.13257890939712524
03-01-06-02-01-01-11_seg1.wav,happy,0.13332419097423553
03-01-06-02-01-01-12_seg1.wav,happy,0.1349591612815857
03-01-06-02-01-01-13_seg1.wav,happy,0.13189102709293365
03-01-06-02-01-01-14_seg1.wav,happy,0.13706360757350922
03-01-06-02-01-01-15_seg1.wav,happy,0.1322862207889557
03-01-06-02-01-01-16_seg1.wav,happy,0.1386021375656128
03-01-06-02-01-01-17_seg1.wav,happy,0.13226477801799774
03-01-06-02-01-01-18_seg1.wav,happy,0.13544420897960663
03-01-06-02-01-01-19_seg1.wav,happy,0.13479827344417572
03-01-06-02-01-01-20_seg1.wav,happy,0.13537949323654175
03-01-06-02-01-01-21_seg1.wav,happy,0.1371763050556183
03-01-06-02-01-01-22_seg1.wav,happy,0.13602977991104126
03-01-06-02-01-01-23_seg1.wav,happy,0.13639487326145172
03-01-06-02-01-01-24_seg1.wav,happy,0.13555742800235748
03-01-06-02-01-02-01_seg1.wav,happy,0.13255679607391357
03-01-06-02-01-02-02_seg1.wav,happy,0.13781560957431793
03-01-06-02-01-02-03_seg1.wav,happy,0.13558776676654816
03-01-06-02-01-02-04_seg1.wav,happy,0.13479821383953094
03-01-06-02-01-02-05_seg1.wav,happy,0.13296332955360413
03-01-06-02-01-02-06_seg1.wav,happy,0.1377282440662384
03-01-06-02-01-02-07_seg1.wav,happy,0.13210180401802063
03-01-06-02-01-02-08_seg1.wav,happy,0.13524708151817322
03-01-06-02-01-02-09_seg1.wav,sad,0.13145312666893005
03-01-06-02-01-02-10_seg1.wav,happy,0.13517308235168457
03-01-06-02-01-02-11_seg1.wav,happy,0.13185244798660278
03-01-06-02-01-02-12_seg1.wav,happy,0.13550415635108948
03-01-06-02-01-02-13_seg1.wav,happy,0.1315101981163025
03-01-06-02-01-02-14_seg1.wav,happy,0.13301993906497955
03-01-06-02-01-02-15_seg1.wav,happy,0.13439242541790009
03-01-06-02-01-02-16_seg1.wav,happy,0.13852807879447937
03-01-06-02-01-02-17_seg1.wav,sad,0.13164673745632172
03-01-06-02-01-02-18_seg1.wav,happy,0.13993635773658752
03-01-06-02-01-02-19_seg1.wav,neutral,0.134685680270195
03-01-06-02-01-02-20_seg1.wav,happy,0.1356392651796341
03-01-06-02-01-02-21_seg1.wav,happy,0.13807286322116852
03-01-06-02-01-02-22_seg1.wav,happy,0.1343894600868225
03-01-06-02-01-02-23_seg1.wav,happy,0.13786858320236206
03-01-06-02-01-02-24_seg1.wav,happy,0.13682976365089417
03-01-06-02-02-01-01_seg1.wav,happy,0.13618995249271393
03-01-06-02-02-01-02_seg1.wav,happy,0.13346605002880096
03-01-06-02-02-01-03_seg1.wav,happy,0.13124889135360718
03-01-06-02-02-01-04_seg1.wav,happy,0.13133494555950165
03-01-06-02-02-01-05_seg1.wav,happy,0.13208416104316711
03-01-06-02-02-01-06_seg1.wav,happy,0.1346353143453598
03-01-06-02-02-01-07_seg1.wav,fearful,0.13214893639087677
03-01-06-02-02-01-08_seg1.wav,happy,0.13463541865348816
03-01-06-02-02-01-09_seg1.wav,happy,0.13191673159599304
03-01-06-02-02-01-10_seg1.wav,happy,0.13570471107959747
03-01-06-02-02-01-11_seg1.wav,happy,0.1318139284849167
03-01-06-02-02-01-12_seg1.wav,neutral,0.134682297706604
03-01-06-02-02-01-13_seg1.wav,happy,0.13120494782924652
03-01-06-02-02-01-14_seg1.wav,happy,0.13641592860221863
03-01-06-02-02-01-15_seg1.wav,happy,0.13971084356307983
03-01-06-02-02-01-16_seg1.wav,happy,0.1377568244934082
03-01-06-02-02-01-17_seg1.wav,happy,0.13277600705623627
03-01-06-02-02-01-18_seg1.wav,happy,0.13425594568252563
03-01-06-02-02-01-19_seg1.wav,fearful,0.1327284723520279
03-01-06-02-02-01-20_seg1.wav,happy,0.13658763468265533
03-01-06-02-02-01-21_seg1.wav,happy,0.1339939683675766
03-01-06-02-02-01-22_seg1.wav,happy,0.13543474674224854
03-01-06-02-02-01-23_seg1.wav,happy,0.13406971096992493
03-01-06-02-02-01-24_seg1.wav,happy,0.13497614860534668
03-01-06-02-02-02-01_seg1.wav,happy,0.13269180059432983
03-01-06-02-02-02-02_seg1.wav,happy,0.1369035542011261
03-01-06-02-02-02-03_seg1.wav,happy,0.13357685506343842
03-01-06-02-02-02-04_seg1.wav,happy,0.13721905648708344
03-01-06-02-02-02-05_seg1.wav,sad,0.13116659224033356
03-01-06-02-02-02-06_seg1.wav,neutral,0.13363511860370636
03-01-06-02-02-02-07_seg1.wav,fearful,0.1311175525188446
03-01-06-02-02-02-08_seg1.wav,happy,0.13612228631973267
03-01-06-02-02-02-09_seg1.wav,happy,0.13681194186210632
03-01-06-02-02-02-10_seg1.wav,happy,0.13594426214694977
03-01-06-02-02-02-11_seg1.wav,happy,0.1319953203201294
03-01-06-02-02-02-12_seg1.wav,happy,0.1349361091852188
03-01-06-02-02-02-13_seg1.wav,happy,0.1336650848388672
03-01-06-02-02-02-14_seg1.wav,happy,0.13483984768390656
03-01-06-02-02-02-15_seg1.wav,neutral,0.1323687583208084
03-01-06-02-02-02-16_seg1.wav,happy,0.13767383992671967
03-01-06-02-02-02-17_seg1.wav,happy,0.13185718655586243
03-01-06-02-02-02-18_seg1.wav,happy,0.13651728630065918
03-01-06-02-02-02-19_seg1.wav,angry,0.13174696266651154
03-01-06-02-02-02-20_seg1.wav,happy,0.1360316425561905
03-01-06-02-02-02-21_seg1.wav,happy,0.13477563858032227
03-01-06-02-02-02-22_seg1.wav,happy,0.13624654710292816
03-01-06-02-02-02-23_seg1.wav,happy,0.13558830320835114
03-01-06-02-02-02-24_seg1.wav,happy,0.13577689230442047
03-01-07-01-01-01-01_seg1.wav,calm,0.13936887681484222
03-01-07-01-01-01-02_seg1.wav,calm,0.1470298022031784
03-01-07-01-01-01-03_seg1.wav,calm,0.1447020024061203
03-01-07-01-01-01-04_seg1.wav,calm,0.1448926329612732
03-01-07-01-01-01-05_seg1.wav,calm,0.134135439991951
03-01-07-01-01-01-06_seg1.wav,calm,0.14312554895877838
03-01-07-01-01-01-07_seg1.wav,calm,0.145155668258667
03-01-07-01-01-01-08_seg1.wav,calm,0.146281436085701
03-01-07-01-01-01-09_seg1.wav,calm,0.14637690782546997
03-01-07-01-01-01-10_seg1.wav,calm,0.14459936320781708
03-01-07-01-01-01-11_seg1.wav,calm,0.1351419985294342
03-01-07-01-01-01-12_seg1.wav,calm,0.1456725001335144
03-01-07-01-01-01-13_seg1.wav,happy,0.1330672800540924
03-01-07-01-01-01-14_seg1.wav,calm,0.14424200356006622
03-01-07-01-01-01-15_seg1.wav,calm,0.1411556899547577
03-01-07-01-01-01-16_seg1.wav,calm,0.14184927940368652
03-01-07-01-01-01-17_seg1.wav,calm,0.14389193058013916
03-01-07-01-01-01-18_seg1.wav,calm,0.14494860172271729
03-01-07-01-01-01-19_seg1.wav,calm,0.1406601369380951
03-01-07-01-01-01-20_seg1.wav,calm,0.141762837767601
03-01-07-01-01-01-21_seg1.wav,calm,0.13848669826984406
03-01-07-01-01-01-22_seg1.wav,calm,0.14539006352424622
03-01-07-01-01-01-23_seg1.wav,calm,0.1444280594587326
03-01-07-01-01-01-24_seg1.wav,calm,0.13993977010250092
03-01-07-01-01-02-01_seg1.wav,calm,0.14165836572647095
03-01-07-01-01-02-02_seg1.wav,calm,0.1455298513174057
03-01-07-01-01-02-03_seg1.wav,calm,0.1443289816379547
03-01-07-01-01-02-04_seg1.wav,calm,0.14422233402729034
03-01-07-01-01-02-05_seg1.wav,calm,0.14227502048015594
03-01-07-01-01-02-06_seg1.wav,neutral,0.13446977734565735
03-01-07-01-01-02-07_seg1.wav,calm,0.14506743848323822
03-01-07-01-01-02-08_seg1.wav,calm,0.14684483408927917
03-01-07-01-01-02-09_seg1.wav,calm,0.1452101171016693
03-01-07-01-01-02-10_seg1.wav,calm,0.14407138526439667
03-01-07-01-01-02-11_seg1.wav,calm,0.13665376603603363
03-01-07-01-01-02-12_seg1.wav,calm,0.14447450637817383
03-01-07-01-01-02-13_seg1.wav,calm,0.13967309892177582
03-01-07-01-01-02-14_seg1.wav,calm,0.14573167264461517
03-01-07-01-01-02-15_seg1.wav,calm,0.14099958539009094
03-01-07-01-01-02-16_seg1.wav,calm,0.1389487087726593
03-01-07-01-01-02-17_seg1.wav,calm,0.14664222300052643
03-01-07-01-01-02-18_seg1.wav,calm,0.14252682030200958
03-01-07-01-01-02-19_seg1.wav,calm,0.1440373957157135
03-01-07-01-01-02-20_seg1.wav,calm,0.14310906827449799
03-01-07-01-01-02-21_seg1.wav,calm,0.1412530094385147
03-01-07-01-01-02-22_seg1.wav,calm,0.1451091319322586
03-01-07-01-01-02-23_seg1.wav,calm,0.14496274292469025
03-01-07-01-01-02-24_seg1.wav,calm,0.1418956220149994
03-01-07-01-02-01-01_seg1.wav,calm,0.14489153027534485
03-01-07-01-02-01-02_seg1.wav,calm,0.1394001841545105
03-01-07-01-02-01-03_seg1.wav,calm,0.14461766183376312
03-01-07-01-02-01-04_seg1.wav,calm,0.14673104882240295
03-01-07-01-02-01-05_seg1.wav,calm,0.14256544411182404
03-01-07-01-02-01-06_seg1.wav,calm,0.14600786566734314
03-01-07-01-02-01-07_seg1.wav,calm,0.14075711369514465
03-01-07-01-02-01-08_seg1.wav,calm,0.14576050639152527
03-01-07-01-02-01-09_seg1.wav,calm,0.14480964839458466
03-01-07-01-02-01-10_seg1.wav,calm,0.14159134030342102
03-01-07-01-02-01-11_seg1.wav,calm,0.13732723891735077
03-01-07-01-02-01-12_seg1.wav,calm,0.14505180716514587
03-01-07-01-02-01-13_seg1.wav,calm,0.13374638557434082
03-01-07-01-02-01-14_seg1.wav,calm,0.14161045849323273
03-01-07-01-02-01-15_seg1.wav,calm,0.14564666152000427
03-01-07-01-02-01-16_seg1.wav,calm,0.14118477702140808
03-01-07-01-02-01-17_seg1.wav,calm,0.14254170656204224
03-01-07-01-02-01-18_seg1.wav,calm,0.14018744230270386
03-01-07-01-02-01-19_seg1.wav,calm,0.14233964681625366
03-01-07-01-02-01-20_seg1.wav,calm,0.1452355980873108
03-01-07-01-02-01-21_seg1.wav,angry,0.13701900839805603
03-01-07-01-02-01-22_seg1.wav,calm,0.1433624029159546
03-01-07-01-02-01-23_seg1.wav,calm,0.14318235218524933
03-01-07-01-02-01-24_seg1.wav,calm,0.1299990713596344
03-01-07-01-02-02-01_seg1.wav,calm,0.14490367472171783
03-01-07-01-02-02-02_seg1.wav,calm,0.14287230372428894
03-01-07-01-02-02-03_seg1.wav,calm,0.14416098594665527
03-01-07-01-02-02-04_seg1.wav,calm,0.146389439702034
03-01-07-01-02-02-05_seg1.wav,calm,0.14421525597572327
03-01-07-01-02-02-06_seg1.wav,calm,0.14451663196086884
03-01-07-01-02-02-07_seg1.wav,calm,0.1426396667957306
03-01-07-01-02-02-08_seg1.wav,calm,0.14473594725131989
03-01-07-01-02-02-09_seg1.wav,calm,0.14590027928352356
03-01-07-01-02-02-10_seg1.wav,calm,0.14336799085140228
03-01-07-01-02-02-11_seg1.wav,calm,0.1309148222208023
03-01-07-01-02-02-12_seg1.wav,calm,0.14315618574619293
03-01-07-01-02-02-13_seg1.wav,calm,0.14464280009269714
03-01-07-01-02-02-14_seg1.wav,calm,0.14615623652935028
03-01-07-01-02-02-15_seg1.wav,calm,0.13878574967384338
03-01-07-01-02-02-16_seg1.wav,calm,0.14199934899806976
03-01-07-01-02-02-17_seg1.wav,calm,0.14524412155151367
03-01-07-01-02-02-18_seg1.wav,calm,0.1447906345129013
03-01-07-01-02-02-19_seg1.wav,calm,0.142045795917511
03-01-07-01-02-02-20_seg1.wav,calm,0.1437961459159851
03-01-07-01-02-02-21_seg1.wav,calm,0.14297600090503693
03-01-07-01-02-02-22_seg1.wav,calm,0.14118792116641998
03-01-07-01-02-02-23_seg1.wav,calm,0.1466258019208908
03-01-07-01-02-02-24_seg1.wav,calm,0.1457345187664032
03-01-07-02-01-01-01_seg1.wav,calm,0.14199601113796234
03-01-07-02-01-01-02_seg1.wav,calm,0.1452992707490921
03-01-07-02-01-01-03_seg1.wav,calm,0.14482031762599945
03-01-07-02-01-01-04_seg1.wav,calm,0.1470794826745987
03-01-07-02-01-01-05_seg1.wav,disgust,0.13530151546001434
03-01-07-02-01-01-06_seg1.wav,calm,0.1456761658191681
03-01-07-02-01-01-07_seg1.wav,calm,0.1390334665775299
03-01-07-02-01-01-08_seg1.wav,calm,0.1455388069152832
03-01-07-02-01-01-09_seg1.wav,calm,0.14587512612342834
03-01-07-02-01-01-10_seg1.wav,calm,0.14193584024906158
03-01-07-02-01-01-11_seg1.wav,angry,0.13170377910137177
03-01-07-02-01-01-12_seg1.wav,calm,0.14446209371089935
03-01-07-02-01-01-13_seg1.wav,calm,0.14520615339279175
03-01-07-02-01-01-14_seg1.wav,calm,0.13714848458766937
03-01-07-02-01-01-15_seg1.wav,calm,0.14344143867492676
03-01-07-02-01-01-16_seg1.wav,calm,0.1436900943517685
03-01-07-02-01-01-17_seg1.wav,calm,0.1434490978717804
03-01-07-02-01-01-18_seg1.wav,calm,0.1447264552116394
03-01-07-02-01-01-19_seg1.wav,calm,0.14409439265727997
03-01-07-02-01-01-20_seg1.wav,calm,0.14094024896621704
03-01-07-02-01-01-21_seg1.wav,calm,0.14293867349624634
03-01-07-02-01-01-22_seg1.wav,calm,0.14383181929588318
03-01-07-02-01-01-23_seg1.wav,calm,0.13964170217514038
03-01-07-02-01-01-24_seg1.wav,calm,0.14448478817939758
03-01-07-02-01-02-01_seg1.wav,calm,0.13942337036132812
03-01-07-02-01-02-02_seg1.wav,calm,0.14452950656414032
03-01-07-02-01-02-03_seg1.wav,calm,0.14350536465644836
03-01-07-02-01-02-04_seg1.wav,calm,0.14675597846508026
03-01-07-02-01-02-05_seg1.wav,angry,0.13738779723644257
03-01-07-02-01-02-06_seg1.wav,calm,0.14282293617725372
03-01-07-02-01-02-07_seg1.wav,calm,0.13851569592952728
03-01-07-02-01-02-08_seg1.wav,calm,0.1447080820798874
03-01-07-02-01-02-09_seg1.wav,calm,0.14644593000411987
03-01-07-02-01-02-10_seg1.wav,calm,0.14147216081619263
03-01-07-02-01-02-11_seg1.wav,calm,0.13566067814826965
03-01-07-02-01-02-12_seg1.wav,calm,0.14311321079730988
03-01-07-02-01-02-13_seg1.wav,neutral,0.13017211854457855
03-01-07-02-01-02-14_seg1.wav,calm,0.141987144947052
03-01-07-02-01-02-15_seg1.wav,calm,0.14465568959712982
03-01-07-02-01-02-16_seg1.wav,calm,0.13962988555431366
03-01-07-02-01-02-17_seg1.wav,calm,0.1437007039785385
03-01-07-02-01-02-18_seg1.wav,calm,0.1417692005634308
03-01-07-02-01-02-19_seg1.wav,calm,0.14397063851356506
03-01-07-02-01-02-20_seg1.wav,calm,0.14653709530830383
03-01-07-02-01-02-21_seg1.wav,calm,0.1418561041355133
03-01-07-02-01-02-22_seg1.wav,calm,0.140577033162117
03-01-07-02-01-02-23_seg1.wav,calm,0.14047828316688538
03-01-07-02-01-02-24_seg1.wav,calm,0.1421896368265152
03-01-07-02-02-01-01_seg1.wav,calm,0.13915276527404785
03-01-07-02-02-01-02_seg1.wav,calm,0.1455184668302536
03-01-07-02-02-01-03_seg1.wav,calm,0.1428115963935852
03-01-07-02-02-01-04_seg1.wav,calm,0.14649783074855804
03-01-07-02-02-01-05_seg1.wav,calm,0.14343500137329102
03-01-07-02-02-01-06_seg1.wav,calm,0.1417749524116516
03-01-07-02-02-01-07_seg1.wav,calm,0.14041367173194885
03-01-07-02-02-01-08_seg1.wav,calm,0.14480282366275787
03-01-07-02-02-01-09_seg1.wav,calm,0.14321938157081604
03-01-07-02-02-01-10_seg1.wav,calm,0.14171887934207916
03-01-07-02-02-01-11_seg1.wav,calm,0.13910335302352905
03-01-07-02-02-01-12_seg1.wav,calm,0.1411922723054886
03-01-07-02-02-01-13_seg1.wav,calm,0.14389465749263763
03-01-07-02-02-01-14_seg1.wav,calm,0.14451414346694946
03-01-07-02-02-01-15_seg1.wav,calm,0.1448633372783661
03-01-07-02-02-01-16_seg1.wav,calm,0.13134881854057312
03-01-07-02-02-01-17_seg1.wav,calm,0.14271509647369385
03-01-07-02-02-01-18_seg1.wav,calm,0.14011642336845398
03-01-07-02-02-01-19_seg1.wav,angry,0.13752274215221405
03-01-07-02-02-01-20_seg1.wav,calm,0.1450643241405487
03-01-07-02-02-01-21_seg1.wav,calm,0.14048434793949127
03-01-07-02-02-01-22_seg1.wav,calm,0.14283572137355804
03-01-07-02-02-01-23_seg1.wav,calm,0.14028094708919525
03-01-07-02-02-01-24_seg1.wav,calm,0.14444607496261597
03-01-07-02-02-02-01_seg1.wav,calm,0.1392330378293991
03-01-07-02-02-02-02_seg1.wav,calm,0.1461252123117447
03-01-07-02-02-02-03_seg1.wav,calm,0.14201980829238892
03-01-07-02-02-02-04_seg1.wav,calm,0.14525413513183594
03-01-07-02-02-02-05_seg1.wav,calm,0.1419198215007782
03-01-07-02-02-02-06_seg1.wav,calm,0.1459416002035141
03-01-07-02-02-02-07_seg1.wav,calm,0.14249072968959808
03-01-07-02-02-02-08_seg1.wav,calm,0.14453068375587463
03-01-07-02-02-02-09_seg1.wav,calm,0.14428237080574036
03-01-07-02-02-02-10_seg1.wav,calm,0.1428145468235016
03-01-07-02-02-02-11_seg1.wav,angry,0.13606275618076324
03-01-07-02-02-02-12_seg1.wav,calm,0.14148643612861633
03-01-07-02-02-02-13_seg1.wav,calm,0.14456318318843842
03-01-07-02-02-02-14_seg1.wav,calm,0.1391422152519226
03-01-07-02-02-02-15_seg1.wav,angry,0.13784343004226685
03-01-07-02-02-02-16_seg1.wav,calm,0.1451427936553955
03-01-07-02-02-02-17_seg1.wav,calm,0.14523252844810486
03-01-07-02-02-02-18_seg1.wav,calm,0.1415008008480072
03-01-07-02-02-02-19_seg1.wav,calm,0.141825869679451
03-01-07-02-02-02-20_seg1.wav,calm,0.14322316646575928
03-01-07-02-02-02-21_seg1.wav,calm,0.14031095802783966
03-01-07-02-02-02-22_seg1.wav,calm,0.13995905220508575
03-01-07-02-02-02-23_seg1.wav,calm,0.14154598116874695
03-01-07-02-02-02-24_seg1.wav,calm,0.14320580661296844
03-01-08-01-01-01-01_seg1.wav,disgust,0.13346295058727264
03-01-08-01-01-01-02_seg1.wav,disgust,0.13250477612018585
03-01-08-01-01-01-03_seg1.wav,happy,0.13174352049827576
03-01-08-01-01-01-04_seg1.wav,disgust,0.1335497498512268
03-01-08-01-01-01-05_seg1.wav,disgust,0.13392892479896545
03-01-08-01-01-01-06_seg1.wav,neutral,0.13092079758644104
03-01-08-01-01-01-07_seg1.wav,disgust,0.13219882547855377
03-01-08-01-01-01-08_seg1.wav,disgust,0.13405975699424744
03-01-08-01-01-01-09_seg1.wav,disgust,0.13179418444633484
03-01-08-01-01-01-10_seg1.wav,disgust,0.1327047049999237
03-01-08-01-01-01-11_seg1.wav,disgust,0.13333207368850708
03-01-08-01-01-01-12_seg1.wav,disgust,0.1332254558801651
03-01-08-01-01-01-13_seg1.wav,disgust,0.13386714458465576
03-01-08-01-01-01-14_seg1.wav,disgust,0.13335895538330078
03-01-08-01-01-01-15_seg1.wav,happy,0.13323543965816498
03-01-08-01-01-01-16_seg1.wav,happy,0.13240206241607666
03-01-08-01-01-01-17_seg1.wav,disgust,0.12939301133155823
03-01-08-01-01-01-18_seg1.wav,disgust,0.13296976685523987
03-01-08-01-01-01-19_seg1.wav,disgust,0.13316570222377777
03-01-08-01-01-01-20_seg1.wav,happy,0.13162031769752502
03-01-08-01-01-01-21_seg1.wav,disgust,0.1328447163105011
03-01-08-01-01-01-22_seg1.wav,disgust,0.133631631731987
03-01-08-01-01-01-23_seg1.wav,disgust,0.13305088877677917
03-01-08-01-01-01-24_seg1.wav,disgust,0.13399343192577362
03-01-08-01-01-02-01_seg1.wav,disgust,0.1303299069404602
03-01-08-01-01-02-02_seg1.wav,disgust,0.13359111547470093
03-01-08-01-01-02-03_seg1.wav,disgust,0.13216643035411835
03-01-08-01-01-02-04_seg1.wav,disgust,0.1320672184228897
03-01-08-01-01-02-05_seg1.wav,disgust,0.1320473700761795
03-01-08-01-01-02-06_seg1.wav,disgust,0.1337820440530777
03-01-08-01-01-02-07_seg1.wav,disgust,0.1332448571920395
03-01-08-01-01-02-08_seg1.wav,disgust,0.13430452346801758
03-01-08-01-01-02-09_seg1.wav,happy,0.13651397824287415
03-01-08-01-01-02-10_seg1.wav,disgust,0.13121220469474792
03-01-08-01-01-02-11_seg1.wav,disgust,0.13082754611968994
03-01-08-01-01-02-12_seg1.wav,disgust,0.13373126089572906
03-01-08-01-01-02-13_seg1.wav,disgust,0.131686270236969
03-01-08-01-01-02-14_seg1.wav,disgust,0.13410642743110657
03-01-08-01-01-02-15_seg1.wav,disgust,0.13358916342258453
03-01-08-01-01-02-16_seg1.wav,disgust,0.13350223004817963
03-01-08-01-01-02-17_seg1.wav,neutral,0.13251949846744537
03-01-08-01-01-02-18_seg1.wav,disgust,0.13250410556793213
03-01-08-01-01-02-19_seg1.wav,happy,0.1305437684059143
03-01-08-01-01-02-20_seg1.wav,disgust,0.13215777277946472
03-01-08-01-01-02-21_seg1.wav,disgust,0.13278158009052277
03-01-08-01-01-02-22_seg1.wav,disgust,0.13259808719158173
03-01-08-01-01-02-23_seg1.wav,disgust,0.1332307755947113
03-01-08-01-01-02-24_seg1.wav,disgust,0.13441568613052368
03-01-08-01-02-01-01_seg1.wav,disgust,0.13334159553050995
03-01-08-01-02-01-02_seg1.wav,disgust,0.13360817730426788
03-01-08-01-02-01-03_seg1.wav,disgust,0.13183116912841797
03-01-08-01-02-01-04_seg1.wav,disgust,0.13449114561080933
03-01-08-01-02-01-05_seg1.wav,disgust,0.13195578753948212
03-01-08-01-02-01-06_seg1.wav,disgust,0.1336355060338974
03-01-08-01-02-01-07_seg1.wav,disgust,0.13322298228740692
03-01-08-01-02-01-08_seg1.wav,disgust,0.1339428424835205
03-01-08-01-02-01-09_seg1.wav,disgust,0.12998153269290924
03-01-08-01-02-01-10_seg1.wav,disgust,0.1324237585067749
03-01-08-01-02-01-11_seg1.wav,happy,0.1302347630262375
03-01-08-01-02-01-12_seg1.wav,disgust,0.13296587765216827
03-01-08-01-02-01-13_seg1.wav,disgust,0.13305748999118805
03-01-08-01-02-01-14_seg1.wav,disgust,0.13377897441387177
03-01-08-01-02-01-15_seg1.wav,disgust,0.13152894377708435
03-01-08-01-02-01-16_seg1.wav,disgust,0.13379688560962677
03-01-08-01-02-01-17_seg1.wav,neutral,0.1294594258069992
03-01-08-01-02-01-18_seg1.wav,disgust,0.13315606117248535
03-01-08-01-02-01-19_seg1.wav,disgust,0.1336318701505661
03-01-08-01-02-01-20_seg1.wav,disgust,0.13218475878238678
03-01-08-01-02-01-21_seg1.wav,disgust,0.13296496868133545
03-01-08-01-02-01-22_seg1.wav,disgust,0.13313411176204681
03-01-08-01-02-01-23_seg1.wav,disgust,0.13290275633335114
03-01-08-01-02-01-24_seg1.wav,disgust,0.1330631524324417
03-01-08-01-02-02-01_seg1.wav,disgust,0.1338530033826828
03-01-08-01-02-02-02_seg1.wav,disgust,0.13333885371685028
03-01-08-01-02-02-03_seg1.wav,disgust,0.13221928477287292
03-01-08-01-02-02-04_seg1.wav,disgust,0.1334308683872223
03-01-08-01-02-02-05_seg1.wav,disgust,0.13221809267997742
03-01-08-01-02-02-06_seg1.wav,disgust,0.13388188183307648
03-01-08-01-02-02-07_seg1.wav,disgust,0.13400675356388092
03-01-08-01-02-02-08_seg1.wav,disgust,0.13416548073291779
03-01-08-01-02-02-09_seg1.wav,happy,0.13828472793102264
03-01-08-01-02-02-10_seg1.wav,disgust,0.13302545249462128
03-01-08-01-02-02-11_seg1.wav,disgust,0.13232140243053436
03-01-08-01-02-02-12_seg1.wav,disgust,0.1296629160642624
03-01-08-01-02-02-13_seg1.wav,disgust,0.1326538622379303
03-01-08-01-02-02-14_seg1.wav,disgust,0.13359278440475464
03-01-08-01-02-02-15_seg1.wav,disgust,0.1313006728887558
03-01-08-01-02-02-16_seg1.wav,disgust,0.1333771049976349
03-01-08-01-02-02-17_seg1.wav,disgust,0.13032865524291992
03-01-08-01-02-02-18_seg1.wav,disgust,0.1322052925825119
03-01-08-01-02-02-19_seg1.wav,disgust,0.13368862867355347
03-01-08-01-02-02-20_seg1.wav,disgust,0.13300059735774994
03-01-08-01-02-02-21_seg1.wav,disgust,0.1327524483203888
03-01-08-01-02-02-22_seg1.wav,disgust,0.13279028236865997
03-01-08-01-02-02-23_seg1.wav,disgust,0.13233822584152222
03-01-08-01-02-02-24_seg1.wav,disgust,0.13333891332149506
03-01-08-02-01-01-01_seg1.wav,disgust,0.1332257241010666
03-01-08-02-01-01-02_seg1.wav,disgust,0.13342955708503723
03-01-08-02-01-01-03_seg1.wav,disgust,0.13337162137031555
03-01-08-02-01-01-04_seg1.wav,disgust,0.13419318199157715
03-01-08-02-01-01-05_seg1.wav,disgust,0.1341048628091812
03-01-08-02-01-01-06_seg1.wav,disgust,0.13428175449371338
03-01-08-02-01-01-07_seg1.wav,disgust,0.13319766521453857
03-01-08-02-01-01-08_seg1.wav,disgust,0.13394422829151154
03-01-08-02-01-01-09_seg1.wav,disgust,0.1339792162179947
03-01-08-02-01-01-10_seg1.wav,disgust,0.13146309554576874
03-01-08-02-01-01-11_seg1.wav,disgust,0.1327405720949173
03-01-08-02-01-01-12_seg1.wav,disgust,0.13349442183971405
03-01-08-02-01-01-13_seg1.wav,disgust,0.1332273632287979
03-01-08-02-01-01-14_seg1.wav,disgust,0.13446268439292908
03-01-08-02-01-01-15_seg1.wav,happy,0.1291852444410324
03-01-08-02-01-01-16_seg1.wav,disgust,0.1336061805486679
03-01-08-02-01-01-17_seg1.wav,disgust,0.13331128656864166
03-01-08-02-01-01-18_seg1.wav,disgust,0.13383673131465912
03-01-08-02-01-01-19_seg1.wav,disgust,0.13486549258232117
03-01-08-02-01-01-20_seg1.wav,disgust,0.13391081988811493
03-01-08-02-01-01-21_seg1.wav,disgust,0.1329033225774765
03-01-08-02-01-01-22_seg1.wav,disgust,0.13356804847717285
03-01-08-02-01-01-23_seg1.wav,disgust,0.1329505443572998
03-01-08-02-01-01-24_seg1.wav,disgust,0.1337689459323883
03-01-08-02-01-02-01_seg1.wav,disgust,0.13303938508033752
03-01-08-02-01-02-02_seg1.wav,disgust,0.1328577846288681
03-01-08-02-01-02-03_seg1.wav,disgust,0.1328878402709961
03-01-08-02-01-02-04_seg1.wav,disgust,0.13194522261619568
03-01-08-02-01-02-05_seg1.wav,disgust,0.13365113735198975
03-01-08-02-01-02-06_seg1.wav,disgust,0.13467976450920105
03-01-08-02-01-02-07_seg1.wav,disgust,0.13385407626628876
03-01-08-02-01-02-08_seg1.wav,disgust,0.13424645364284515
03-01-08-02-01-02-09_seg1.wav,disgust,0.1333383172750473
03-01-08-02-01-02-10_seg1.wav,neutral,0.1296558529138565
03-01-08-02-01-02-11_seg1.wav,disgust,0.13302943110466003
03-01-08-02-01-02-12_seg1.wav,disgust,0.13338610529899597
03-01-08-02-01-02-13_seg1.wav,happy,0.1319510042667389
03-01-08-02-01-02-14_seg1.wav,disgust,0.13433417677879333
03-01-08-02-01-02-15_seg1.wav,disgust,0.1317705512046814
03-01-08-02-01-02-16_seg1.wav,disgust,0.13375411927700043
03-01-08-02-01-02-17_seg1.wav,neutral,0.1318834125995636
03-01-08-02-01-02-18_seg1.wav,disgust,0.13280151784420013
03-01-08-02-01-02-19_seg1.wav,disgust,0.13448427617549896
03-01-08-02-01-02-20_seg1.wav,disgust,0.1330087035894394
03-01-08-02-01-02-21_seg1.wav,disgust,0.13292932510375977
03-01-08-02-01-02-22_seg1.wav,disgust,0.1336144357919693
03-01-08-02-01-02-23_seg1.wav,disgust,0.13341164588928223
03-01-08-02-01-02-24_seg1.wav,disgust,0.13555064797401428
03-01-08-02-02-01-01_seg1.wav,disgust,0.13266757130622864
03-01-08-02-02-01-02_seg1.wav,disgust,0.13333217799663544
03-01-08-02-02-01-03_seg1.wav,disgust,0.13047097623348236
03-01-08-02-02-01-04_seg1.wav,disgust,0.1338190734386444
03-01-08-02-02-01-05_seg1.wav,disgust,0.13395589590072632
03-01-08-02-02-01-06_seg1.wav,disgust,0.13401363790035248
03-01-08-02-02-01-07_seg1.wav,disgust,0.1330266147851944
03-01-08-02-02-01-08_seg1.wav,disgust,0.1340978890657425
03-01-08-02-02-01-09_seg1.wav,disgust,0.13340406119823456
03-01-08-02-02-01-10_seg1.wav,disgust,0.13006074726581573
03-01-08-02-02-01-11_seg1.wav,disgust,0.13212470710277557
03-01-08-02-02-01-12_seg1.wav,disgust,0.13186143338680267
03-01-08-02-02-01-13_seg1.wav,happy,0.13417795300483704
03-01-08-02-02-01-14_seg1.wav,disgust,0.13378411531448364
03-01-08-02-02-01-15_seg1.wav,disgust,0.13210086524486542
03-01-08-02-02-01-16_seg1.wav,disgust,0.13375751674175262
03-01-08-02-02-01-17_seg1.wav,disgust,0.13312871754169464
03-01-08-02-02-01-18_seg1.wav,disgust,0.1335669606924057
03-01-08-02-02-01-19_seg1.wav,disgust,0.13456463813781738
03-01-08-02-02-01-20_seg1.wav,neutral,0.1312350630760193
03-01-08-02-02-01-21_seg1.wav,disgust,0.13276489078998566
03-01-08-02-02-01-22_seg1.wav,disgust,0.13363017141819
03-01-08-02-02-01-23_seg1.wav,disgust,0.13313548266887665
03-01-08-02-02-01-24_seg1.wav,disgust,0.13416995108127594
03-01-08-02-02-02-01_seg1.wav,disgust,0.13399231433868408
03-01-08-02-02-02-02_seg1.wav,disgust,0.13338938355445862
03-01-08-02-02-02-03_seg1.wav,disgust,0.13348916172981262
03-01-08-02-02-02-04_seg1.wav,disgust,0.13377918303012848
03-01-08-02-02-02-05_seg1.wav,disgust,0.13344143331050873
03-01-08-02-02-02-06_seg1.wav,disgust,0.13433700799942017
03-01-08-02-02-02-07_seg1.wav,disgust,0.13228142261505127
03-01-08-02-02-02-08_seg1.wav,disgust,0.13378828763961792
03-01-08-02-02-02-09_seg1.wav,disgust,0.1332388073205948
03-01-08-02-02-02-10_seg1.wav,disgust,0.13232026994228363
03-01-08-02-02-02-11_seg1.wav,fearful,0.12976495921611786
03-01-08-02-02-02-12_seg1.wav,disgust,0.1347489207983017
03-01-08-02-02-02-13_seg1.wav,happy,0.1295924335718155
03-01-08-02-02-02-14_seg1.wav,disgust,0.1341080516576767
03-01-08-02-02-02-15_seg1.wav,disgust,0.1298864334821701
03-01-08-02-02-02-16_seg1.wav,disgust,0.13342800736427307
03-01-08-02-02-02-17_seg1.wav,disgust,0.13088782131671906
03-01-08-02-02-02-18_seg1.wav,disgust,0.1337682455778122
03-01-08-02-02-02-19_seg1.wav,disgust,0.13359998166561127
03-01-08-02-02-02-20_seg1.wav,neutral,0.1300700157880783
03-01-08-02-02-02-21_seg1.wav,disgust,0.13263171911239624
03-01-08-02-02-02-22_seg1.wav,disgust,0.13019384443759918
03-01-08-02-02-02-23_seg1.wav,disgust,0.13290277123451233
03-01-08-02-02-02-24_seg1.wav,disgust,0.13405176997184753
